2009 Fuel Efficiency Data
Source: http://www.fueleconomy.gov

Notes: Data columns reduced from original data file.

class,mfr,car_line,num_cyl,trans,city_mpg,hwy_mpg,comb_mpg,epa_city_mpg,epa_hwy_mpg,epa_comb_mpg,fuel_type
TWO SEATERS,ASTON MARTIN,DBS COUPE,12,Auto(S6),12,18,14,14.4,24.7,17.7264,P
TWO SEATERS,ASTON MARTIN,DBS COUPE,12,Manual(M6),11,17,13,13.7,22.9,16.7233,P
TWO SEATERS,ASTON MARTIN,V8 VANTAGE,8,Auto(S6),13,19,15,15.9375,26.855,19.5059,P
TWO SEATERS,ASTON MARTIN,V8 VANTAGE,8,Manual(M6),12,19,14,15,25.6,18.4349,P
TWO SEATERS,AUDI,R8,8,Manual(M6),12,19,15,15.3,26.8,18.9614,P
TWO SEATERS,AUDI,R8,8,Auto(S6),13,18,15,15.4,25.0451,18.6283,P
TWO SEATERS,AUDI,TT ROADSTER,4,Auto(S6),22,30,25,28.5,42.2,33.3759,P
TWO SEATERS,AUDI,TT ROADSTER QUATTRO,4,Auto(S6),21,29,24,27.1619,39.0337,31.4689,P
TWO SEATERS,AUDI,TT ROADSTER QUATTRO,6,Manual(M6),17,25,20,20.8745,34.1689,25.3051,P
TWO SEATERS,AUDI,TT ROADSTER QUATTRO,6,Auto(S6),18,24,20,22.3987,33.5729,26.3444,P
TWO SEATERS,CADILLAC,XLR,8,Auto(S6),14,23,17,17,32.3,21.6054,P
TWO SEATERS,CADILLAC,XLR,8,Auto(S6),15,24,18,18.5,34.1,23.2958,P
TWO SEATERS,CHEVROLET,CORVETTE,8,Manual(M6),14,20,16,16.8,27,20.241,P
TWO SEATERS,CHEVROLET,CORVETTE,8,Manual(M6),16,26,19,20.2,35.8,25.1272,P
TWO SEATERS,CHEVROLET,CORVETTE,8,Auto(S6),15,25,18,18.2499,34.3493,23.1279,P
TWO SEATERS,CHEVROLET,CORVETTE,8,Manual(M6),15,24,18,18.4,33.7,23.1244,P
TWO SEATERS,FERRARI,F430,8,Manual(M6),11,16,13,13.8,22.2,16.6319,P
TWO SEATERS,FERRARI,F430,8,Auto(A6),11,16,13,13.7498,22.4,16.6417,P
TWO SEATERS,FERRARI,FERRARI 599 GTB FIORANO,12,Manual(M6),11,15,12,13.2,21.1,15.8746,P
TWO SEATERS,FERRARI,FERRARI 599 GTB FIORANO,12,Auto(A6),11,15,12,12.9992,20.9995,15.6889,P
TWO SEATERS,HONDA,S2000,4,Manual(M6),18,25,21,22.2,33.1,26.0621,P
TWO SEATERS,LAMBORGHINI,GALLARDO COUPE,10,Manual(M6),12,20,15,14,24,17.2308,P
TWO SEATERS,LAMBORGHINI,GALLARDO COUPE,10,Auto(S6),14,20,16,16.1,25.4,19.276,P
TWO SEATERS,LAMBORGHINI,GALLARDO SPYDER,10,Manual(M6),12,20,14,13,22.6,16.0722,P
TWO SEATERS,LAMBORGHINI,GALLARDO SPYDER,10,Auto(S6),13,20,16,16,25.4,19.197,P
TWO SEATERS,LAMBORGHINI,MURCIELAGO,12,Manual(M6),8,13,10,10.1,17.5,12.4735,P
TWO SEATERS,LAMBORGHINI,MURCIELAGO,12,Auto(S6),9,14,11,10.9,19.9,13.6852,P
TWO SEATERS,LAMBORGHINI,MURCIELAGO ROADSTER,12,Manual(M6),8,13,10,10.1,17.5,12.4735,P
TWO SEATERS,LAMBORGHINI,MURCIELAGO ROADSTER,12,Auto(S6),9,14,11,10.9,19.9,13.6852,P
TWO SEATERS,MERCEDES-BENZ,SL550,8,Auto(L7),13,21,16,16.5,29.3,20.5374,P
TWO SEATERS,MERCEDES-BENZ,SL600,12,Auto(L5),11,18,14,14.1,24.2,17.3605,P
TWO SEATERS,MERCEDES-BENZ,SL63 AMG,8,Auto(S7),12,19,14,14.6,26,18.1888,P
TWO SEATERS,MERCEDES-BENZ,SL65 AMG,12,Auto(S5),11,18,14,14.1,24.6,17.4521,P
TWO SEATERS,MERCEDES-BENZ,SLK300,6,Manual(M6),17,26,20,21.9,35.9,26.5611,P
TWO SEATERS,MERCEDES-BENZ,SLK300,6,Auto(L7),19,26,21,23.3,36.2,27.75,P
TWO SEATERS,MERCEDES-BENZ,SLK350,6,Manual(M6),18,26,21,22.1,36.1,26.7721,P
TWO SEATERS,MERCEDES-BENZ,SLK350,6,Auto(L7),18,26,21,22.2,36.3,26.9024,P
TWO SEATERS,MERCEDES-BENZ,SLK55 AMG,8,Auto(S7),14,22,17,17.7,30.8,21.8896,P
TWO SEATERS,MERCEDES-BENZ,SLR,8,Auto(S5),12,16,13,14.2105,21.7982,16.8499,P
TWO SEATERS,NISSAN,350Z ROADSTER,6,Manual(M6),17,24,20,21.6,33.8,25.7888,P
TWO SEATERS,NISSAN,350Z ROADSTER,6,Auto(S5),17,23,19,20.8,32.5,24.821,P
TWO SEATERS,PONTIAC,SOLSTICE,4,Auto(L5),19,27,21,23.3,37.0545,27.9725,R
TWO SEATERS,PONTIAC,SOLSTICE,4,Manual(M5),19,28,22,24.3,40,29.5127,P
TWO SEATERS,PONTIAC,SOLSTICE,4,Auto(L5),19,24,21,23.7209,32.8754,27.1191,R
TWO SEATERS,PONTIAC,SOLSTICE,4,Manual(M5),19,25,21,23.7,35.2,27.7848,R
TWO SEATERS,PORSCHE,911 GT2,6,Manual(M6),16,23,19,20.1,32.3,24.216,P
TWO SEATERS,SATURN,SKY,4,Auto(L5),19,27,21,23.3,37.0545,27.9725,R
TWO SEATERS,SATURN,SKY,4,Manual(M5),19,28,22,24.3,40,29.5127,P
TWO SEATERS,SATURN,SKY,4,Auto(L5),19,24,21,23.7209,32.8754,27.1191,R
TWO SEATERS,SATURN,SKY,4,Manual(M5),19,25,21,23.7,35.2,27.7848,R
TWO SEATERS,SPYKR,C8,8,Manual(M6),13,18,15,16.1,25.3,19.25,R
MINICOMPACT CARS,ASTON MARTIN,DB9,12,Manual(M6),11,17,13,13.8,23.7,16.9945,P
MINICOMPACT CARS,ASTON MARTIN,DB9,12,Auto(S6),12,19,14,15.1,26.7,18.7696,P
MINICOMPACT CARS,JAGUAR,JAGUAR XK,8,Auto(L6),16,25,19,19.9,34.5,24.5811,P
MINICOMPACT CARS,JAGUAR,JAGUAR XK CONVERTIBLE,8,Auto(L6),16,25,19,19.9,34.5,24.5811,P
MINICOMPACT CARS,JAGUAR,JAGUAR XKR,8,Auto(L6),15,23,18,19.1,31.5,23.2118,P
MINICOMPACT CARS,JAGUAR,JAGUAR XKR CONVERTIBLE,8,Auto(L6),15,23,18,19.1,31.5,23.2118,P
MINICOMPACT CARS,LEXUS,SC 430,8,Auto(S6),16,23,19,20.2995,31.6,24.1927,P
MINICOMPACT CARS,MINI,MINI COOPER,4,Manual(M6),28,37,32,37,52,42.5193,P
MINICOMPACT CARS,MINI,MINI COOPER,4,Auto(S6),25,34,29,32.82,48.522,38.4139,P
MINICOMPACT CARS,MINI,MINI COOPER S,4,Auto(S6),23,32,26,29.7707,44.4889,34.978,P
MINICOMPACT CARS,MINI,MINI COOPER S,4,Manual(M6),26,34,29,33.4602,48.2339,38.8094,P
MINICOMPACT CARS,MINI,MINI JOHN COOPER WORKS,4,Manual(M6),26,34,29,33.4602,48.2339,38.8094,P
MINICOMPACT CARS,MINI,MINI JOHN COOPER WORKS CONV,4,Manual(M6),26,34,29,33.4602,48.2339,38.8094,P
MINICOMPACT CARS,MITSUBISHI,ECLIPSE SPYDER,4,Manual(M5),19,26,22,24.229,36.9829,28.6797,R
MINICOMPACT CARS,MITSUBISHI,ECLIPSE SPYDER,4,Auto(S4),19,26,22,24.2157,36.2707,28.4744,R
MINICOMPACT CARS,MITSUBISHI,ECLIPSE SPYDER,6,Manual(M6),16,25,19,20,34.6,24.6878,P
MINICOMPACT CARS,MITSUBISHI,ECLIPSE SPYDER,6,Auto(S5),16,24,19,20.1499,33.2499,24.4922,P
MINICOMPACT CARS,PORSCHE,911 TURBO,6,Auto(L5),15,23,18,18.8066,31.5222,22.9775,P
MINICOMPACT CARS,PORSCHE,911 TURBO,6,Manual(M6),16,23,18,19.7,32.4,23.9191,P
MINICOMPACT CARS,PORSCHE,911 TURBO CABRIOLET,6,Auto(L5),15,23,18,18.8066,31.5222,22.9775,P
MINICOMPACT CARS,PORSCHE,911 TURBO CABRIOLET,6,Manual(M6),15,24,18,19.2,32.8,23.6042,P
MINICOMPACT CARS,PORSCHE,CARRERA 2 CABRIOLET,6,Manual(M6),18,25,21,23.2,35.1937,27.4023,P
MINICOMPACT CARS,PORSCHE,CARRERA 2 CABRIOLET,6,Auto(A7),19,27,22,23.3717,37.6861,28.1901,P
MINICOMPACT CARS,PORSCHE,CARRERA 2 COUPE,6,Manual(M6),18,25,21,23.2,35.1937,27.4023,P
MINICOMPACT CARS,PORSCHE,CARRERA 2 COUPE,6,Auto(A7),19,27,22,23.3717,37.6861,28.1901,P
MINICOMPACT CARS,PORSCHE,CARRERA 2 S CABRIOLET,6,Manual(M6),18,25,21,22.6383,35.4021,27.0225,P
MINICOMPACT CARS,PORSCHE,CARRERA 2 S CABRIOLET,6,Auto(A7),19,26,22,23.4598,36.9387,28.0688,P
MINICOMPACT CARS,PORSCHE,CARRERA 2 S COUPE,6,Manual(M6),18,25,21,22.6383,35.4021,27.0225,P
MINICOMPACT CARS,PORSCHE,CARRERA 2 S COUPE,6,Auto(A7),19,26,22,23.4598,36.9387,28.0688,P
MINICOMPACT CARS,PORSCHE,CARRERA 4 CABRIOLET,6,Manual(M6),18,25,21,22.9,34.8932,27.09,P
MINICOMPACT CARS,PORSCHE,CARRERA 4 CABRIOLET,6,Auto(A7),18,26,21,22.8,36.4,27.4082,P
MINICOMPACT CARS,PORSCHE,CARRERA 4 COUPE,6,Auto(A7),18,26,21,23,36.8,27.6692,P
MINICOMPACT CARS,PORSCHE,CARRERA 4 COUPE,6,Manual(M6),18,25,21,22.9,34.8932,27.09,P
MINICOMPACT CARS,PORSCHE,CARRERA 4 S CABRIOLET,6,Auto(A7),18,27,21,23.2,37.1,27.9047,P
MINICOMPACT CARS,PORSCHE,CARRERA 4 S CABRIOLET,6,Manual(M6),18,25,20,22.1791,34.5014,26.4263,P
MINICOMPACT CARS,PORSCHE,CARRERA 4 S COUPE,6,Auto(A7),18,26,21,23,36,27.4627,P
MINICOMPACT CARS,PORSCHE,CARRERA 4 S COUPE,6,Manual(M6),18,25,20,22.1791,34.5014,26.4263,P
MINICOMPACT CARS,PORSCHE,CARRERA 4 S TARGA,6,Auto(A7),18,27,21,23.2,37.1,27.9047,P
MINICOMPACT CARS,PORSCHE,CARRERA 4 S TARGA,6,Manual(M6),18,25,20,22.1791,34.5014,26.4263,P
MINICOMPACT CARS,PORSCHE,CARRERA 4 TARGA,6,Auto(A7),18,26,21,22.8,36.4,27.4082,P
MINICOMPACT CARS,PORSCHE,CARRERA 4 TARGA,6,Manual(M6),18,25,21,22.9,34.8932,27.09,P
MINICOMPACT CARS,VOLKSWAGEN,NEW BEETLE CONVERTIBLE,5,Manual(M5),20,28,23,25.259,39.1308,30.0532,R
MINICOMPACT CARS,VOLKSWAGEN,NEW BEETLE CONVERTIBLE,5,Auto(S6),20,28,23,24.8494,39.7251,29.8854,R
SUBCOMPACT CARS,AUDI,A4 CABRIOLET,4,Auto(AV),23,30,25,28.7642,42.4439,33.6437,P
SUBCOMPACT CARS,AUDI,A4 CABRIOLET QUATTRO,4,Auto(S6),21,27,23,25.9973,37.8274,30.2551,P
SUBCOMPACT CARS,AUDI,A4 CABRIOLET QUATTRO,6,Auto(S6),17,25,20,21.3,34.6,25.755,P
SUBCOMPACT CARS,AUDI,A5 QUATTRO,6,Manual(M6),16,27,20,20.5,35.8,25.3813,P
SUBCOMPACT CARS,AUDI,A5 QUATTRO,6,Auto(S6),17,26,20,22.0916,36.1369,26.7744,P
SUBCOMPACT CARS,AUDI,S4 CABRIOLET,8,Manual(M6),13,19,15,16.1,26.8,19.6261,P
SUBCOMPACT CARS,AUDI,S4 CABRIOLET,8,Auto(S6),14,21,16,16.817,28.8042,20.6921,P
SUBCOMPACT CARS,AUDI,S5,8,Manual(M6),14,22,17,17.3,29.3,21.2088,P
SUBCOMPACT CARS,AUDI,S5,8,Auto(S6),16,24,19,20.4,31,24.1098,P
SUBCOMPACT CARS,AUDI,TT COUPE,4,Auto(S6),23,31,26,29.1,43.6,34.2214,P
SUBCOMPACT CARS,AUDI,TT COUPE QUATTRO,4,Auto(S6),21,29,24,27.1619,39.0337,31.4689,P
SUBCOMPACT CARS,AUDI,TT COUPE QUATTRO,6,Manual(M6),17,25,20,20.8745,34.1689,25.3051,P
SUBCOMPACT CARS,AUDI,TT COUPE QUATTRO,6,Auto(S6),18,24,20,22.3987,33.5729,26.3444,P
SUBCOMPACT CARS,BENTLEY,CONTINENTAL GTC,12,Auto(S6),10,17,12,12.5188,23.259,15.8025,P
SUBCOMPACT CARS,BMW,128I,6,Manual(M6),18,28,21,22.3879,38.72,27.6329,P
SUBCOMPACT CARS,BMW,128I,6,Auto(S6),18,28,22,23.0549,39.5165,28.3738,P
SUBCOMPACT CARS,BMW,128I CONVERTIBLE,6,Manual(M6),18,28,21,22.3879,38.72,27.6329,P
SUBCOMPACT CARS,BMW,128I CONVERTIBLE,6,Auto(S6),18,27,21,22.5809,38.0812,27.6444,P
SUBCOMPACT CARS,BMW,135I,6,Manual(M6),17,25,20,21.8,35.1,26.2813,P
SUBCOMPACT CARS,BMW,135I,6,Auto(S6),18,25,20,22,35.5,26.5421,P
SUBCOMPACT CARS,BMW,135I CONVERTIBLE,6,Manual(M6),17,26,20,20.9561,36.0905,25.8304,P
SUBCOMPACT CARS,BMW,135I CONVERTIBLE,6,Auto(S6),17,26,20,21.7374,36.3061,26.5275,P
SUBCOMPACT CARS,BMW,328CI,6,Manual(M6),18,28,21,22.3879,38.72,27.6329,P
SUBCOMPACT CARS,BMW,328CI,6,Auto(S6),18,28,22,23.0549,39.5165,28.3738,P
SUBCOMPACT CARS,BMW,328CI CONVERTIBLE,6,Manual(M6),17,27,20,21.261,37.1444,26.327,P
SUBCOMPACT CARS,BMW,328CI CONVERTIBLE,6,Auto(S6),18,27,21,22.5809,38.0812,27.6444,P
SUBCOMPACT CARS,BMW,328CI XDRIVE,6,Manual(M6),17,25,20,20.8735,35.4336,25.6089,P
SUBCOMPACT CARS,BMW,328CI XDRIVE,6,Auto(S6),17,25,20,21.7665,35.2524,26.2928,P
SUBCOMPACT CARS,BMW,335CI,6,Manual(M6),17,26,20,20.9561,36.0905,25.8304,P
SUBCOMPACT CARS,BMW,335CI,6,Auto(S6),17,26,20,21.7374,36.3061,26.5275,P
SUBCOMPACT CARS,BMW,335CI CONVERTIBLE,6,Manual(M6),17,26,20,20.9561,36.0905,25.8304,P
SUBCOMPACT CARS,BMW,335CI CONVERTIBLE,6,Auto(S6),17,26,20,21.7374,36.3061,26.5275,P
SUBCOMPACT CARS,BMW,335CI XDRIVE,6,Manual(M6),16,25,19,20.5724,34.2517,25.0797,P
SUBCOMPACT CARS,BMW,335CI XDRIVE,6,Auto(S6),17,25,20,21.0675,34.6141,25.5708,P
SUBCOMPACT CARS,BMW,650CI,8,Manual(M6),15,22,18,18.7138,30.6961,22.7015,P
SUBCOMPACT CARS,BMW,650CI,8,Auto(S6),15,23,18,19.0748,31.474,23.185,P
SUBCOMPACT CARS,BMW,650CI CONVERTIBLE,8,Manual(M6),14,21,16,17.4,28.8,21.1711,P
SUBCOMPACT CARS,BMW,650CI CONVERTIBLE,8,Auto(S6),15,23,18,18.7,31.8,22.9554,P
SUBCOMPACT CARS,BMW,M3 CONVERTIBLE,8,Manual(M6),13,20,16,16.6,27.3,20.1548,P
SUBCOMPACT CARS,BMW,M3 CONVERTIBLE,8,Auto(S7),14,20,16,16.671,27.3704,20.2296,P
SUBCOMPACT CARS,BMW,M3 COUPE,8,Manual(M6),14,20,16,17.1,28.4,20.8295,P
SUBCOMPACT CARS,BMW,M3 COUPE,8,Auto(S7),14,20,16,17.1163,27.8771,20.7145,P
SUBCOMPACT CARS,BMW,M6,10,Manual(M6),11,17,13,13.1362,23.3082,16.3464,P
SUBCOMPACT CARS,BMW,M6,10,Auto(S7),11,17,13,13.1051,23.7127,16.4081,P
SUBCOMPACT CARS,BMW,M6 CONVERTIBLE,10,Manual(M6),11,17,13,12.9,23.7,16.2277,P
SUBCOMPACT CARS,BMW,M6 CONVERTIBLE,10,Auto(S7),11,17,13,12.9504,24.0505,16.3451,P
SUBCOMPACT CARS,CHEVROLET,AVEO 5,4,Auto(L4),25,34,28,31.8,47.9,37.467,R
SUBCOMPACT CARS,CHEVROLET,AVEO 5,4,Manual(M5),27,34,30,34.6,48.4,39.6928,R
SUBCOMPACT CARS,CHEVROLET,COBALT,4,Manual(M5),22,30,25,27.8571,41.4543,32.6809,R
SUBCOMPACT CARS,CHEVROLET,COBALT,4,Auto(L4),24,33,27,30.1,46.8,35.858,R
SUBCOMPACT CARS,CHEVROLET,COBALT XFE,4,Manual(M5),25,37,30,32.8,51.9,39.31,R
SUBCOMPACT CARS,FORD,MUSTANG,6,Manual(M5),17,26,20,21.0177,35.701,25.791,R
SUBCOMPACT CARS,FORD,MUSTANG,6,Auto(L5),16,24,19,20.4019,33.1455,24.6702,R
SUBCOMPACT CARS,FORD,MUSTANG,8,Auto(L5),15,22,18,18.8917,29.8677,22.6348,R
SUBCOMPACT CARS,FORD,MUSTANG,8,Manual(M5),15,23,18,18.9,31.7,23.0968,R
SUBCOMPACT CARS,FORD,MUSTANG,8,Manual(M6),14,20,16,16.9089,27.3699,20.4212,P
SUBCOMPACT CARS,HONDA,CIVIC,4,Auto(L5),24,36,28,31,50.5,37.5195,C
SUBCOMPACT CARS,HONDA,CIVIC,4,Manual(M5),26,34,29,33.9,48.6,39.2412,R
SUBCOMPACT CARS,HONDA,CIVIC,4,Auto(L5),25,36,29,32.8723,51.0436,39.1429,R
SUBCOMPACT CARS,HONDA,CIVIC,4,Manual(M6),21,29,24,25.6,40.5,30.6791,P
SUBCOMPACT CARS,LEXUS,IS 250,6,Manual(M6),18,26,21,22.8997,36.8,27.5892,P
SUBCOMPACT CARS,LEXUS,IS 250,6,Auto(S6),21,29,24,26.6,40.7,31.5127,P
SUBCOMPACT CARS,LEXUS,IS 250 AWD,6,Auto(S6),20,26,22,24.5898,36.2901,28.7628,P
SUBCOMPACT CARS,LEXUS,IS 350,6,Auto(S6),18,25,20,22.4334,34.3402,26.5808,P
SUBCOMPACT CARS,LEXUS,IS F,8,Auto(S8),16,23,18,19.6214,32.0888,23.7788,P
SUBCOMPACT CARS,MASERATI,MASERATI GRANTURISMO,8,Auto(A6),12,19,15,15.6486,26.9455,19.2874,P
SUBCOMPACT CARS,MAZDA,MAZDA RX-8,2,Auto(S6),16,23,19,20.2,32.1,24.2445,P
SUBCOMPACT CARS,MAZDA,MAZDA RX-8,2,Manual(M6),16,22,18,20.4,30.2,23.8883,P
SUBCOMPACT CARS,MERCEDES-BENZ,CLK350,6,Auto(L7),17,25,20,21.3,35.5,25.9756,P
SUBCOMPACT CARS,MERCEDES-BENZ,CLK350 (CABRIOLET),6,Auto(L7),17,25,20,21.2,35.4,25.8697,P
SUBCOMPACT CARS,MERCEDES-BENZ,CLK550,8,Auto(L7),15,22,17,18.2,30.3,22.1871,P
SUBCOMPACT CARS,MERCEDES-BENZ,CLK550 (CABRIOLET),8,Auto(L7),15,21,17,18,29.5,21.8294,P
SUBCOMPACT CARS,MINI,MINI CLUBMAN,4,Manual(M6),28,37,32,37,51.9,42.4892,P
SUBCOMPACT CARS,MINI,MINI CLUBMAN,4,Auto(S6),25,34,29,32.82,48.522,38.4139,P
SUBCOMPACT CARS,MINI,MINI CLUBMAN S,4,Auto(S6),23,32,26,29.7707,44.4889,34.978,P
SUBCOMPACT CARS,MINI,MINI CLUBMAN S,4,Manual(M6),26,34,29,33.4602,48.2339,38.8094,P
SUBCOMPACT CARS,MINI,MINI JOHN COOPER WORKS CLUBM,4,Manual(M6),26,34,29,33.4602,48.2339,38.8094,P
SUBCOMPACT CARS,MITSUBISHI,ECLIPSE,4,Manual(M5),20,28,23,25.1471,38.6206,29.8301,R
SUBCOMPACT CARS,MITSUBISHI,ECLIPSE,4,Auto(S4),19,26,22,24.2132,36.2744,28.4735,R
SUBCOMPACT CARS,MITSUBISHI,ECLIPSE,6,Manual(M6),16,25,19,20,34.6,24.6878,P
SUBCOMPACT CARS,MITSUBISHI,ECLIPSE,6,Auto(S5),16,24,19,20.1499,33.2499,24.4922,P
SUBCOMPACT CARS,NISSAN,ALTIMA COUPE,4,Manual(M6),23,32,26,29.3,45.4,34.8636,R
SUBCOMPACT CARS,NISSAN,ALTIMA COUPE,4,Auto(AV),23,31,26,29.316,43.3105,34.3039,R
SUBCOMPACT CARS,NISSAN,ALTIMA COUPE,6,Manual(M6),18,27,21,22.9327,37.9324,27.8968,P
SUBCOMPACT CARS,NISSAN,ALTIMA COUPE,6,Auto(AV),19,26,22,24.1944,35.6452,28.283,P
SUBCOMPACT CARS,NISSAN,GT-R,6,Auto(S6),16,21,18,19.7992,29.3353,23.1918,P
SUBCOMPACT CARS,PONTIAC,G3/WAVE 5,4,Manual(M5),27,34,30,34.6,48.4,39.6928,R
SUBCOMPACT CARS,PONTIAC,G3/WAVE 5,4,Auto(L4),25,34,28,31.8,47.9,37.467,R
SUBCOMPACT CARS,PONTIAC,G5,4,Manual(M5),25,35,29,32.8,51.9,39.31,R
SUBCOMPACT CARS,PONTIAC,G5,4,Auto(L4),24,33,27,30.1,46.8,35.858,R
SUBCOMPACT CARS,PONTIAC,G5 GT,4,Manual(M5),25,35,29,32.8,51.9,39.31,R
SUBCOMPACT CARS,PONTIAC,G5 GT,4,Auto(L4),23,32,26,30.1,46.8,35.858,R
SUBCOMPACT CARS,PONTIAC,G5 XFE,4,Manual(M5),25,37,30,32.8,51.9,39.31,R
SUBCOMPACT CARS,ROUSH PERFORMANCE,ROUSH STAGE3 MUSTANG,8,Auto(L5),14,20,16,17,27.8,20.6016,P
SUBCOMPACT CARS,ROUSH PERFORMANCE,ROUSH STAGE3 MUSTANG,8,Manual(M5),15,20,17,18,28.1,21.4731,P
SUBCOMPACT CARS,SAAB,9-3 CONVERTIBLE,6,Manual(M6),16,26,19,19.7,36,24.741,P
SUBCOMPACT CARS,SAAB,9-3 CONVERTIBLE,6,Auto(S6),15,24,18,18.9663,33.2987,23.5223,P
SUBCOMPACT CARS,SALEEN PERFORMANCE,SALEEN S281 FAMILY,8,Manual(M6),11,18,14,14,24.8,17.4122,P
SUBCOMPACT CARS,TOYOTA,SCION TC,4,Manual(M5),20,27,23,25.6,38.2,30.0621,R
SUBCOMPACT CARS,TOYOTA,SCION TC,4,Auto(L4),21,29,24,26,40.2,30.9139,R
SUBCOMPACT CARS,TOYOTA,SCION XD,4,Manual(M5),27,33,29,34.7,46.9,39.3004,R
SUBCOMPACT CARS,TOYOTA,SCION XD,4,Auto(L4),26,32,28,33.5,45.1,37.8849,R
SUBCOMPACT CARS,TOYOTA,YARIS,4,Manual(M5),29,36,32,37.7309,50.8763,42.6951,R
SUBCOMPACT CARS,TOYOTA,YARIS,4,Auto(L4),29,35,31,37.4655,48.8826,41.8657,R
SUBCOMPACT CARS,VOLKSWAGEN,EOS,4,Manual(M6),21,31,25,26.0737,41.4298,31.2932,P
SUBCOMPACT CARS,VOLKSWAGEN,EOS,4,Auto(S6),22,29,25,28.3,41.7,33.0841,P
SUBCOMPACT CARS,VOLKSWAGEN,NEW BEETLE,5,Manual(M5),20,28,23,25.0356,39.3363,29.9325,R
SUBCOMPACT CARS,VOLKSWAGEN,NEW BEETLE,5,Auto(S6),20,29,23,25.1672,40.8,30.4106,R
SUBCOMPACT CARS,VOLVO,C70 CONVERTIBLE,5,Manual(M6),18,27,21,23.1,37.1,27.825,R
SUBCOMPACT CARS,VOLVO,C70 CONVERTIBLE,5,Auto(S5),18,26,21,23,36.5,27.5924,R
COMPACT CARS,ACURA,TSX,4,Manual(M6),20,28,23,24.9,39.3,29.8163,P
COMPACT CARS,ACURA,TSX,4,Auto(S5),21,30,25,27.1,42.3,32.3274,P
COMPACT CARS,AUDI,A4,4,Auto(AV),23,30,25,28.7642,42.4439,33.6437,P
COMPACT CARS,AUDI,A4 QUATTRO,4,Manual(M6),22,30,25,27.6,42.1,32.6623,P
COMPACT CARS,AUDI,A4 QUATTRO,4,Auto(S6),21,27,23,25.9973,37.8274,30.2551,P
COMPACT CARS,AUDI,A4 QUATTRO,6,Auto(S6),17,26,20,22.0916,36.1369,26.7744,P
COMPACT CARS,BENTLEY,AZURE,8,Auto(S6),9,15,11,11.5028,21.0609,14.4549,P
COMPACT CARS,BENTLEY,BROOKLANDS,8,Auto(S6),10,14,11,11.7,19.9,14.3634,P
COMPACT CARS,BENTLEY,CONTINENTAL GT,12,Auto(S6),10,17,13,12.8,23.8,16.1613,P
COMPACT CARS,BMW,328I,6,Manual(M6),18,28,21,22.3879,38.72,27.6329,P
COMPACT CARS,BMW,328I,6,Auto(S6),18,28,22,23.0549,39.5165,28.3738,P
COMPACT CARS,BMW,328I XDRIVE,6,Manual(M6),17,25,20,20.8735,35.4336,25.6089,P
COMPACT CARS,BMW,328I XDRIVE,6,Auto(S6),17,25,20,21.7665,35.2524,26.2928,P
COMPACT CARS,BMW,335I,6,Manual(M6),17,26,20,20.9561,36.0905,25.8304,P
COMPACT CARS,BMW,335I,6,Auto(S6),17,26,20,21.7374,36.3061,26.5275,P
COMPACT CARS,BMW,335I XDRIVE,6,Manual(M6),16,25,19,20.5724,34.2517,25.0797,P
COMPACT CARS,BMW,335I XDRIVE,6,Auto(S6),17,25,20,21.0675,34.6141,25.5708,P
COMPACT CARS,BMW,M3,8,Manual(M6),14,20,16,17.1,28.4,20.8295,P
COMPACT CARS,BMW,M3,8,Auto(S7),14,20,16,17.1163,27.8771,20.7145,P
COMPACT CARS,CHEVROLET,AVEO,4,Auto(L4),25,34,28,31.8,47.9,37.467,R
COMPACT CARS,CHEVROLET,AVEO,4,Manual(M5),27,34,30,34.6,48.4,39.6928,R
COMPACT CARS,CHRYSLER,SEBRING CONVERTIBLE,4,Auto(L4),20,29,23,25.3,40.1,30.3388,R
COMPACT CARS,CHRYSLER,SEBRING CONVERTIBLE,6,Auto(L4),12,19,15,15.6,26.5,19.1433,E
COMPACT CARS,CHRYSLER,SEBRING CONVERTIBLE,6,Auto(L4),18,26,21,22.4,36.5,27.1132,R
COMPACT CARS,CHRYSLER,SEBRING CONVERTIBLE,6,Auto(L6),16,27,20,20.3,37.6,25.6005,R
COMPACT CARS,DODGE,CHALLENGER,6,Auto(L4),17,25,20,21.5,34.2,25.8136,R
COMPACT CARS,DODGE,CHALLENGER,8,Manual(M6),16,25,19,19.6,34.3,24.2832,R
COMPACT CARS,DODGE,CHALLENGER,8,Auto(L5),16,25,19,19.3,34.5,24.0727,R
COMPACT CARS,DODGE,CHALLENGER,8,Auto(L5),13,19,15,16.3,26,19.5886,R
COMPACT CARS,DODGE,CHALLENGER,8,Manual(M6),14,22,16,16.8,30.1,20.9695,R
COMPACT CARS,FORD,FOCUS  FWD,4,Manual(M5),24,35,28,30.8,48.9,36.9555,R
COMPACT CARS,FORD,FOCUS  FWD,4,Auto(L4),24,33,27,30.6403,45.8151,36.0071,R
COMPACT CARS,HONDA,ACCORD 2DR COUPE,4,Manual(M5),22,31,25,27.9,43.5,33.2689,R
COMPACT CARS,HONDA,ACCORD 2DR COUPE,4,Auto(L5),21,30,24,26.1816,42.2228,31.5807,R
COMPACT CARS,HONDA,ACCORD 2DR COUPE,6,Auto(L5),19,28,22,23.7,39.8329,28.9822,R
COMPACT CARS,HONDA,ACCORD 2DR COUPE,6,Manual(M6),17,25,20,20.7,35.3,25.4337,R
COMPACT CARS,HONDA,CIVIC HYBRID,4,Auto(AV),40,45,42,54.6,65,58.8362,R
COMPACT CARS,HYUNDAI,ACCENT,4,Manual(M5),27,33,29,35.3,46.1,39.46,R
COMPACT CARS,HYUNDAI,ACCENT,4,Auto(L4),26,35,29,33.1,49.5,38.8996,R
COMPACT CARS,KIA,RIO,4,Manual(M5),27,33,30,35.585,47.0003,39.9515,R
COMPACT CARS,KIA,RIO,4,Auto(L4),26,35,30,33.9394,49.0501,39.4017,R
COMPACT CARS,LEXUS,GS 450H,6,Auto(S6),22,25,23,27.9,35.3494,30.823,P
COMPACT CARS,MAZDA,MAZDA3,4,Manual(M5),24,32,27,31.0221,44.655,35.9628,R
COMPACT CARS,MAZDA,MAZDA3,4,Auto(S4),22,30,25,28.5434,42.5117,33.4961,R
COMPACT CARS,MAZDA,MAZDA3,4,Manual(M5),22,29,25,28.3113,41.1816,32.9445,R
COMPACT CARS,MAZDA,MAZDA3,4,Auto(S5),22,28,24,27.6239,39.8231,32.0408,R
COMPACT CARS,MERCEDES-BENZ,C300,6,Auto(L7),13,19,15,16.4,26.4,19.7699,E
COMPACT CARS,MERCEDES-BENZ,C300,6,Auto(L7),18,25,21,22.3,35.5,26.7811,P
COMPACT CARS,MERCEDES-BENZ,C300 4MATIC,6,Auto(L7),13,19,15,16,25.6,19.2481,E
COMPACT CARS,MERCEDES-BENZ,C300 4MATIC,6,Auto(L7),17,25,20,21.8,34.2,26.0503,P
COMPACT CARS,MERCEDES-BENZ,C350,6,Auto(L7),17,25,20,21.4424,34.811,25.9222,P
COMPACT CARS,MERCEDES-BENZ,C63 AMG,8,Auto(S7),12,19,15,15.2,26.7,18.8544,P
COMPACT CARS,MERCEDES-BENZ,CL550 4MATIC,8,Auto(L7),14,21,17,17.4,29.2,21.2675,P
COMPACT CARS,MERCEDES-BENZ,CL600,12,Auto(L5),11,17,13,13.6,23,16.6649,P
COMPACT CARS,MERCEDES-BENZ,CL63 AMG,8,Auto(S7),11,18,14,14,24.7,17.39,P
COMPACT CARS,MERCEDES-BENZ,CL65 AMG,12,Auto(S5),11,17,13,13.7,23.4,16.8416,P
COMPACT CARS,MERCEDES-BENZ,CLS550,8,Auto(L7),14,21,16,17.3,29,21.1376,P
COMPACT CARS,MERCEDES-BENZ,CLS63 AMG,8,Auto(S7),12,18,14,14.7,24.8,17.9985,P
COMPACT CARS,MITSUBISHI,LANCER,4,Auto(S6),17,25,20,21.5,34.9,25.9906,P
COMPACT CARS,MITSUBISHI,LANCER,4,Manual(M5),22,30,25,27.8024,41.5258,32.6594,R
COMPACT CARS,MITSUBISHI,LANCER,4,Auto(AV),22,28,24,27.6669,39.7932,32.0637,R
COMPACT CARS,MITSUBISHI,LANCER,4,Manual(M5),21,28,23,26,38.8,30.5327,R
COMPACT CARS,MITSUBISHI,LANCER,4,Auto(AV),21,27,23,26.5,37.6,30.5597,R
COMPACT CARS,MITSUBISHI,LANCER EVOLUTION,4,Manual(M5),16,22,18,20.2,30.6,23.8472,P
COMPACT CARS,MITSUBISHI,LANCER EVOLUTION,4,Auto(S6),17,22,19,20.6,31,24.2629,P
COMPACT CARS,PONTIAC,G3/WAVE,4,Manual(M5),27,34,30,34.6,48.4,39.6928,R
COMPACT CARS,PONTIAC,G3/WAVE,4,Auto(L4),25,34,28,31.8,47.9,37.467,R
COMPACT CARS,PONTIAC,G6,4,Auto(S6),22,33,26,27.8,46.8,34.0141,R
COMPACT CARS,PONTIAC,G6,4,Auto(L4),22,30,25,27.4,42.6,32.6409,R
COMPACT CARS,PONTIAC,G6,6,Auto(S4),17,26,20,21.5,36.4,26.3546,R
COMPACT CARS,PONTIAC,G6,6,Auto(L4),18,29,22,22.9,40.3,28.4222,R
COMPACT CARS,PONTIAC,G6,6,Auto(S6),17,26,20,21.4,35.6,26.0815,R
COMPACT CARS,PONTIAC,G6,6,Auto(S4),15,22,18,19,31,23.0078,R
COMPACT CARS,ROLLS-ROYCE,PHANTOM COUPE,12,Auto(S6),11,18,14,13.9939,24.2,17.2718,P
COMPACT CARS,ROLLS-ROYCE,PHANTOM DROPHEAD COUPE,12,Auto(S6),11,18,14,13.9939,24.2,17.2718,P
COMPACT CARS,SAAB,9-3 AERO SEDAN AWD,6,Manual(M6),15,24,18,18.8,33.4,23.4037,P
COMPACT CARS,SAAB,9-3 AERO SEDAN AWD,6,Auto(S6),15,24,18,18.975,33.4571,23.5651,P
COMPACT CARS,SAAB,9-3 SPORT SEDAN,6,Manual(M6),16,26,19,19.7,36,24.741,P
COMPACT CARS,SAAB,9-3 SPORT SEDAN,6,Auto(S6),15,24,18,18.9663,33.2987,23.5223,P
COMPACT CARS,SATURN,ASTRA 2D HATCHBACK,4,Manual(M5),24,32,27,30.9,45.1,36.0008,R
COMPACT CARS,SATURN,ASTRA 2D HATCHBACK,4,Auto(L4),24,30,27,31.1,42.1,35.2439,R
COMPACT CARS,SUBARU,IMPREZA AWD,4,Auto(S4),19,24,21,23.9267,33.0743,27.3279,P
COMPACT CARS,SUBARU,IMPREZA AWD,4,Manual(M5),20,27,22,24.7947,37.0519,29.1313,R
COMPACT CARS,SUBARU,IMPREZA AWD,4,Manual(M5),18,25,21,22.9906,34.1764,26.9616,P
COMPACT CARS,SUBARU,IMPREZA AWD,4,Auto(S4),20,26,22,25.0487,36.5784,29.1889,R
COMPACT CARS,SUBARU,LEGACY AWD,4,Manual(M6),17,24,20,21.3,33.7,25.5267,P
COMPACT CARS,SUBARU,LEGACY AWD,4,Manual(M5),18,25,21,22.9906,34.1764,26.9616,P
COMPACT CARS,SUBARU,LEGACY AWD,4,Auto(S5),18,24,20,22.1443,33.2396,26.0586,P
COMPACT CARS,SUBARU,LEGACY AWD,4,Manual(M5),20,27,22,24.7947,37.0519,29.1313,R
COMPACT CARS,SUBARU,LEGACY AWD,4,Auto(S4),20,26,22,25.0487,36.5784,29.1889,R
COMPACT CARS,SUBARU,LEGACY AWD,6,Auto(S5),17,24,20,21.6249,33.5704,25.7478,P
COMPACT CARS,SUZUKI,SX4 SEDAN,4,Manual(M5),22,30,25,28.5,42.3,33.404,R
COMPACT CARS,SUZUKI,SX4 SEDAN,4,Auto(L4),23,31,26,29.2,42.9,34.1004,R
COMPACT CARS,SUZUKI,SX4 SPORT,4,Manual(M5),22,29,24,27.5,40.9,32.2555,R
COMPACT CARS,SUZUKI,SX4 SPORT,4,Auto(L4),22,30,25,28.4,41.6,33.1307,R
COMPACT CARS,TOYOTA,COROLLA,4,Manual(M5),26,35,30,34,50,39.7196,R
COMPACT CARS,TOYOTA,COROLLA,4,Auto(L4),27,35,30,35,49.3,40.2543,R
COMPACT CARS,TOYOTA,COROLLA,4,Manual(M5),22,30,25,27.3,42.2,32.457,R
COMPACT CARS,TOYOTA,COROLLA,4,Auto(S5),22,30,25,27.6,42.6,32.7967,R
COMPACT CARS,VOLKSWAGEN,GTI,4,Auto(S6),22,29,25,28.3522,40.3742,32.739,P
COMPACT CARS,VOLKSWAGEN,GTI,4,Manual(M6),21,31,25,26.0737,41.4298,31.2932,P
COMPACT CARS,VOLKSWAGEN,JETTA,4,Auto(S6),22,29,25,28.3522,40.3742,32.739,P
COMPACT CARS,VOLKSWAGEN,JETTA,4,Manual(M6),21,31,25,26.0737,41.4298,31.2932,P
COMPACT CARS,VOLKSWAGEN,JETTA,4,Manual(M6),30,41,34,38.6,58.1,45.467,D
COMPACT CARS,VOLKSWAGEN,JETTA,4,Auto(S6),29,40,33,38.5034,56.6944,45.001,D
COMPACT CARS,VOLKSWAGEN,JETTA,5,Manual(M5),21,30,24,24.2843,39.2832,29.3224,R
COMPACT CARS,VOLKSWAGEN,JETTA,5,Auto(S6),20,29,24,24.9704,38.6874,29.7108,R
COMPACT CARS,VOLKSWAGEN,PASSAT CC,4,Manual(M6),21,31,25,26.0737,41.4298,31.2932,P
COMPACT CARS,VOLKSWAGEN,PASSAT CC,4,Auto(S6),19,29,23,24.3,39,29.2635,P
COMPACT CARS,VOLKSWAGEN,PASSAT CC,6,Auto(S6),18,27,21,21.2,35.1,25.7972,P
COMPACT CARS,VOLKSWAGEN,PASSAT CC 4MOTION,6,Auto(S6),17,25,20,20.5,33.5,24.8373,P
COMPACT CARS,VOLKSWAGEN,RABBIT,5,Manual(M5),21,30,24,24.6169,39.4885,29.6401,R
COMPACT CARS,VOLKSWAGEN,RABBIT,5,Auto(S6),20,29,24,24.9704,38.6874,29.7108,R
COMPACT CARS,VOLVO,C30 FWD,5,Manual(M5),20,28,23,24.8025,38.6039,29.5578,R
COMPACT CARS,VOLVO,C30 FWD,5,Auto(S5),20,28,23,24.799,39.1979,29.7102,R
COMPACT CARS,VOLVO,C30 FWD,5,Manual(M6),19,28,23,24.4,39.5,29.4695,R
COMPACT CARS,VOLVO,C30 FWD,5,Auto(S5),19,28,23,24.4014,39.3024,29.4209,R
COMPACT CARS,VOLVO,S40 AWD,5,Manual(M6),17,25,20,21.7,35.5,26.3008,R
COMPACT CARS,VOLVO,S40 AWD,5,Auto(S5),18,26,21,22.1514,36.4702,26.9049,R
COMPACT CARS,VOLVO,S40 FWD,5,Manual(M5),20,28,23,24.8025,38.6039,29.5578,R
COMPACT CARS,VOLVO,S40 FWD,5,Auto(S5),20,28,23,24.799,39.1979,29.7102,R
COMPACT CARS,VOLVO,S40 FWD,5,Manual(M6),19,28,23,24.4,39.5,29.4695,R
COMPACT CARS,VOLVO,S40 FWD,5,Auto(S5),19,28,23,24.4014,39.3024,29.4209,R
COMPACT CARS,VOLVO,S60 AWD,5,Auto(L5),17,26,21,21.8994,36.5421,26.717,R
COMPACT CARS,VOLVO,S60 AWD,5,Auto(S5),18,26,21,22.1514,36.4702,26.9049,R
COMPACT CARS,VOLVO,S60 FWD,5,Auto(S5),18,26,21,22.1843,36.4603,26.9291,R
COMPACT CARS,VOLVO,S60 FWD,5,Auto(L5),19,27,22,23.4,37.6,28.191,R
COMPACT CARS,VOLVO,S60 FWD,5,Auto(S5),19,28,23,24.4014,39.3024,29.4209,R
MIDSIZE CARS,ACURA,RL,6,Auto(S5),16,22,18,20,30.9,23.7738,P
MIDSIZE CARS,ACURA,TL 2WD,6,Auto(S5),18,26,21,22.6,36.8,27.3489,P
MIDSIZE CARS,ACURA,TL 4WD,6,Auto(S5),17,25,20,21.2,34.3,25.5997,P
MIDSIZE CARS,AUDI,A6 QUATTRO,8,Auto(S6),16,23,18,19.8642,31.4114,23.8016,P
MIDSIZE CARS,AUDI,A8,8,Auto(S6),16,23,18,19.8642,31.4114,23.8016,P
MIDSIZE CARS,AUDI,S6,10,Auto(S6),14,19,16,17.2,26.7,20.4789,P
MIDSIZE CARS,AUDI,S8,10,Auto(S6),13,19,15,15.7,25.7,19.0325,P
MIDSIZE CARS,BENTLEY,ARNAGE,8,Auto(S6),10,14,11,11.7,19.9,14.3634,P
MIDSIZE CARS,BENTLEY,CONTINENTAL FLYING SPUR,12,Auto(S6),10,17,12,12.5188,23.259,15.8025,P
MIDSIZE CARS,BMW,528I,6,Manual(M6),18,28,21,22.3879,38.72,27.6329,P
MIDSIZE CARS,BMW,528I,6,Auto(S6),18,27,21,22.5809,38.0812,27.6444,P
MIDSIZE CARS,BMW,528I XDRIVE,6,Manual(M6),17,25,20,20.8735,35.4336,25.6089,P
MIDSIZE CARS,BMW,528I XDRIVE,6,Auto(S6),17,25,20,21.7665,35.2524,26.2928,P
MIDSIZE CARS,BMW,535I,6,Manual(M6),17,26,20,20.9561,36.0905,25.8304,P
MIDSIZE CARS,BMW,535I,6,Auto(S6),17,26,20,21.7374,36.3061,26.5275,P
MIDSIZE CARS,BMW,535I XDRIVE,6,Manual(M6),16,25,19,20.5724,34.2517,25.0797,P
MIDSIZE CARS,BMW,535I XDRIVE,6,Auto(S6),17,25,20,21.0675,34.6141,25.5708,P
MIDSIZE CARS,BMW,550I,8,Manual(M6),15,22,18,18.7138,30.6961,22.7015,P
MIDSIZE CARS,BMW,550I,8,Auto(S6),15,23,18,19.0748,31.474,23.185,P
MIDSIZE CARS,BMW,M5,10,Manual(M6),11,17,13,13.1362,23.3082,16.3464,P
MIDSIZE CARS,BMW,M5,10,Auto(S7),11,17,13,13.1051,23.7127,16.4081,P
MIDSIZE CARS,BUICK,LACROSSE/ALLURE,6,Auto(L4),17,28,21,21.8,38.6,27.1095,R
MIDSIZE CARS,BUICK,LACROSSE/ALLURE,8,Auto(L4),16,24,19,20.2,34.1,24.7377,R
MIDSIZE CARS,CADILLAC,CTS,6,Manual(M6),16,25,19,19.6,35.3,24.5043,R
MIDSIZE CARS,CADILLAC,CTS,6,Manual(M6),16,25,19,20.2,35.5,25.0603,R
MIDSIZE CARS,CADILLAC,CTS,6,Auto(S6),17,26,20,21.465,36.8354,26.4273,R
MIDSIZE CARS,CADILLAC,CTS,6,Auto(S6),18,26,21,22.3,36.9,27.1306,R
MIDSIZE CARS,CADILLAC,CTS AWD,6,Auto(S6),17,26,20,20.9,36.7,25.9219,R
MIDSIZE CARS,CADILLAC,CTS AWD,6,Auto(S6),17,25,20,21.2,35,25.7728,R
MIDSIZE CARS,CADILLAC,STS,6,Auto(S6),17,26,20,21.465,36.8354,26.4273,R
MIDSIZE CARS,CADILLAC,STS,8,Auto(S6),13,19,15,15.9,26.9,19.4856,P
MIDSIZE CARS,CADILLAC,STS,8,Auto(S6),15,24,18,18.5,34.1,23.2958,P
MIDSIZE CARS,CADILLAC,STS AWD,6,Auto(S6),17,26,20,20.9,36.7,25.9219,R
MIDSIZE CARS,CADILLAC,STS AWD,8,Auto(S6),15,22,17,18.4,30.3,22.35,P
MIDSIZE CARS,CHEVROLET,MALIBU,4,Auto(S6),22,33,26,27.8,46.8,34.0141,R
MIDSIZE CARS,CHEVROLET,MALIBU,4,Auto(L4),22,30,25,27.4,42.6,32.6409,R
MIDSIZE CARS,CHEVROLET,MALIBU,6,Auto(L4),18,29,22,22.9,40.3,28.4222,R
MIDSIZE CARS,CHEVROLET,MALIBU,6,Auto(S6),17,26,20,21.4,35.6,26.0815,R
MIDSIZE CARS,CHEVROLET,MALIBU HYBRID,4,Auto(L4),26,34,29,33.2,48.1,38.5776,R
MIDSIZE CARS,CHRYSLER,SEBRING,4,Auto(L4),21,30,24,26.9,41.6998,32.0128,R
MIDSIZE CARS,CHRYSLER,SEBRING,6,Auto(L4),13,20,16,16.9,27.8,20.5206,E
MIDSIZE CARS,CHRYSLER,SEBRING,6,Auto(L4),19,27,22,24.2,38.3,29.0052,R
MIDSIZE CARS,CHRYSLER,SEBRING,6,Auto(L6),16,27,20,20.3,37.6,25.6005,R
MIDSIZE CARS,DODGE,AVENGER,4,Auto(L4),21,30,24,26.9,41.6998,32.0128,R
MIDSIZE CARS,DODGE,AVENGER,6,Auto(L4),13,20,16,16.9,27.8,20.5206,E
MIDSIZE CARS,DODGE,AVENGER,6,Auto(L4),19,27,22,24.2,38.3,29.0052,R
MIDSIZE CARS,DODGE,AVENGER,6,Auto(L6),16,27,20,20.3,37.6,25.6005,R
MIDSIZE CARS,DODGE,CALIBER                    ,4,Manual(M5),24,30,27,31.3,41.8,35.289,R
MIDSIZE CARS,DODGE,CALIBER                    ,4,Auto(AV),23,27,24,28.8945,38,32.3867,R
MIDSIZE CARS,DODGE,CALIBER                    ,4,Manual(M5),23,29,25,29.6,40.1,33.5536,R
MIDSIZE CARS,DODGE,CALIBER                    ,4,Auto(AV),21,25,23,27.1,35.3,30.2635,R
MIDSIZE CARS,DODGE,CALIBER                    ,4,Manual(M6),19,27,22,24,37.5,28.6396,P
MIDSIZE CARS,FERRARI,FERRARI 612 SCAGLIETTI,12,Manual(M6),10,15,12,11.7,21.3,14.6767,P
MIDSIZE CARS,FERRARI,FERRARI 612 SCAGLIETTI,12,Auto(A6),9,16,11,11.4498,21.7,14.5406,P
MIDSIZE CARS,FORD,FUSION AWD,6,Auto(L6),17,25,20,20.9413,34.4146,25.4196,R
MIDSIZE CARS,FORD,FUSION FWD,4,Manual(M5),20,29,23,25.8,40.3,30.7843,R
MIDSIZE CARS,FORD,FUSION FWD,4,Auto(L5),20,28,23,25.815,39.6041,30.6111,R
MIDSIZE CARS,FORD,FUSION FWD,6,Auto(L6),18,26,21,22.3,36.1,26.9331,R
MIDSIZE CARS,HYUNDAI,ELANTRA,4,Manual(M5),24,33,27,31,45.9,36.3031,R
MIDSIZE CARS,HYUNDAI,ELANTRA,4,Auto(L4),25,33,28,31.6342,46.0764,36.8288,R
MIDSIZE CARS,JAGUAR,JAGUAR XF,8,Auto(L6),16,25,19,19.7,34.5,24.4127,P
MIDSIZE CARS,JAGUAR,JAGUAR XF SUPERCHARGED,8,Auto(L6),15,23,17,18,31.9,22.3903,P
MIDSIZE CARS,KIA,OPTIMA,4,Manual(M5),22,32,25,27.8,44.6,33.4741,R
MIDSIZE CARS,KIA,OPTIMA,4,Auto(L5),22,32,25,27.8,44.6,33.4741,R
MIDSIZE CARS,KIA,OPTIMA,6,Auto(L5),20,28,23,24.9,39.8,29.9447,R
MIDSIZE CARS,KIA,SPECTRA,4,Manual(M5),23,30,26,29.5796,42.3865,34.2343,R
MIDSIZE CARS,KIA,SPECTRA,4,Auto(L4),24,32,27,30.2265,44.5381,35.3361,R
MIDSIZE CARS,LEXUS,ES 350,6,Auto(S6),19,27,22,23.8,38.3,28.6873,P
MIDSIZE CARS,LEXUS,GS 350,6,Auto(S6),19,26,22,23.703,36.5108,28.1461,P
MIDSIZE CARS,LEXUS,GS 350 AWD,6,Auto(S6),18,25,20,22.3982,34.7494,26.6628,P
MIDSIZE CARS,LEXUS,GS 460,8,Auto(S8),17,24,20,21.0489,34.0499,25.4158,P
MIDSIZE CARS,LEXUS,LS 460,8,Auto(S8),16,24,19,20.159,33.6487,24.5963,P
MIDSIZE CARS,LEXUS,LS 460 AWD,8,Auto(S8),16,23,18,19.4495,32.0893,23.6397,P
MIDSIZE CARS,LEXUS,LS 460 L,8,Auto(S8),16,24,19,20.159,33.6487,24.5963,P
MIDSIZE CARS,LEXUS,LS 460 L AWD,8,Auto(S8),16,23,18,19.4495,32.0893,23.6397,P
MIDSIZE CARS,LEXUS,LS 600H L,8,Auto(S8),20,22,21,24.7,30.3,26.9406,P
MIDSIZE CARS,LINCOLN-MERCURY,MILAN AWD,6,Auto(L6),17,25,20,20.9413,34.4146,25.4196,R
MIDSIZE CARS,LINCOLN-MERCURY,MILAN FWD,4,Manual(M5),20,29,23,25.8,40.3,30.7843,R
MIDSIZE CARS,LINCOLN-MERCURY,MILAN FWD,4,Auto(L5),20,28,23,25.815,39.6041,30.6111,R
MIDSIZE CARS,LINCOLN-MERCURY,MILAN FWD,6,Auto(L6),18,26,21,22.3,36.1,26.9331,R
MIDSIZE CARS,LINCOLN-MERCURY,MKZ AWD,6,Auto(L6),17,24,19,20.6,33.2,24.8427,R
MIDSIZE CARS,LINCOLN-MERCURY,MKZ FWD,6,Auto(L6),18,28,21,22.3,38.5,27.5088,R
MIDSIZE CARS,MAZDA,MAZDA 6,4,Manual(M6),20,29,23,25.4472,40.1842,30.4768,R
MIDSIZE CARS,MAZDA,MAZDA 6,4,Auto(S5),21,30,24,27.0769,41.6313,32.1319,R
MIDSIZE CARS,MAZDA,MAZDA 6,6,Auto(S6),17,25,20,21.5603,34.4497,25.9253,R
MIDSIZE CARS,MAZDA,MAZDASPEED3,4,Manual(M6),18,25,20,22.1,35.2732,26.5644,P
MIDSIZE CARS,MERCEDES-BENZ,E320 BLUETEC,6,Auto(L7),23,32,26,29.1,45.3,34.6811,D
MIDSIZE CARS,MERCEDES-BENZ,E350,6,Auto(L7),17,24,19,20.7042,33.8669,25.0929,P
MIDSIZE CARS,MERCEDES-BENZ,E350 4MATIC,6,Auto(L5),16,22,18,20.3,30.6,23.9237,P
MIDSIZE CARS,MERCEDES-BENZ,E550,8,Auto(L7),15,22,17,18.4,31.1,22.5424,P
MIDSIZE CARS,MERCEDES-BENZ,E550 4MATIC,8,Auto(L5),13,19,16,16.5,26.7,19.9254,P
MIDSIZE CARS,MERCEDES-BENZ,E63 AMG,8,Auto(S7),13,20,15,16,27.3,19.6624,P
MIDSIZE CARS,MITSUBISHI,GALANT,4,Auto(S4),20,27,23,25.3617,38.1231,29.8595,R
MIDSIZE CARS,MITSUBISHI,GALANT,6,Auto(S5),16,25,19,20.4316,34.5708,25.0402,P
MIDSIZE CARS,NISSAN,ALTIMA,4,Manual(M6),23,32,26,29.3,45.4,34.8636,R
MIDSIZE CARS,NISSAN,ALTIMA,4,Auto(AV),23,31,26,29.316,43.3105,34.3039,R
MIDSIZE CARS,NISSAN,ALTIMA,6,Manual(M6),18,27,21,22.9327,37.9324,27.8968,P
MIDSIZE CARS,NISSAN,ALTIMA,6,Auto(AV),19,26,22,24.1944,35.6452,28.283,P
MIDSIZE CARS,NISSAN,ALTIMA HYBRID,4,Auto(AV),35,33,34,46.8,46.6,46.7098,R
MIDSIZE CARS,NISSAN,MAXIMA,6,Auto(AV),19,26,22,24.3176,36.4577,28.6038,P
MIDSIZE CARS,NISSAN,SENTRA,4,Auto(AV),24,30,26,30.1,42.6998,34.7088,R
MIDSIZE CARS,NISSAN,SENTRA,4,Manual(M6),21,29,24,26.927,39.9968,31.5691,P
MIDSIZE CARS,NISSAN,VERSA,4,Manual(M6),26,31,28,33.0707,44.1413,37.2779,R
MIDSIZE CARS,NISSAN,VERSA,4,Auto(AV),27,33,29,34.4493,46.2499,38.9177,R
MIDSIZE CARS,NISSAN,VERSA,4,Auto(L4),24,32,27,30.748,44.6913,35.77,R
MIDSIZE CARS,ROLLS-ROYCE,PHANTOM,12,Auto(S6),11,18,14,13.9939,24.2,17.2718,P
MIDSIZE CARS,SATURN,ASTRA 4DR HATCHBACK,4,Auto(L4),24,30,27,31.1,42.1,35.2439,R
MIDSIZE CARS,SATURN,ASTRA 4DR HATCHBACK,4,Manual(M5),24,32,27,30.9,45.1,36.0008,R
MIDSIZE CARS,SATURN,AURA,4,Auto(S6),22,33,26,27.8,46.8,34.0141,R
MIDSIZE CARS,SATURN,AURA,6,Auto(S6),17,26,20,21.4,35.6,26.0815,R
MIDSIZE CARS,SATURN,AURA HYBRID,4,Auto(L4),26,34,29,33.2,48.1,38.5776,R
MIDSIZE CARS,TOYOTA,CAMRY,4,Manual(M5),21,31,25,27,43.1,32.4557,R
MIDSIZE CARS,TOYOTA,CAMRY,4,Auto(L5),21,31,25,27.2554,44.0337,32.8959,R
MIDSIZE CARS,TOYOTA,CAMRY,6,Auto(S6),19,28,23,24.5,39.8,29.6248,R
MIDSIZE CARS,TOYOTA,CAMRY HYBRID,4,Auto(AV),33,34,34,44.2454,48.2,45.9416,R
MIDSIZE CARS,TOYOTA,PRIUS,4,Auto(AV),48,45,46,66.6,64.8,65.7778,R
MIDSIZE CARS,VOLKSWAGEN,PASSAT,4,Auto(S6),19,29,23,24.3,39,29.2635,P
MIDSIZE CARS,VOLVO,S80 AWD,6,Auto(S6),15,23,18,19.0408,32.1293,23.3148,R
MIDSIZE CARS,VOLVO,S80 AWD,8,Auto(S6),15,22,18,18.7027,30.8105,22.7206,R
MIDSIZE CARS,VOLVO,S80 FWD,6,Auto(S6),16,25,20,20.5767,35.4373,25.3628,R
LARGE CARS,AUDI,A8 L,8,Auto(S6),16,23,18,19.8642,31.4114,23.8016,P
LARGE CARS,AUDI,A8 L,12,Auto(S6),13,19,15,15.9,26.7,19.4382,P
LARGE CARS,BENTLEY,ARNAGE RL,8,Auto(S6),9,15,11,11.5028,21.0609,14.4549,P
LARGE CARS,BUICK,LUCERNE,6,Auto(L4),17,26,20,21.2,36.6,26.1517,R
LARGE CARS,BUICK,LUCERNE,6,Auto(L4),13,20,15,16,27.3,19.6624,E
LARGE CARS,BUICK,LUCERNE,6,Auto(L4),17,26,21,21.7,37.3,26.7308,R
LARGE CARS,BUICK,LUCERNE,8,Auto(L4),15,22,18,19,31.9,23.2267,R
LARGE CARS,CADILLAC,DTS,8,Auto(L4),15,23,18,19,31.9,23.2267,R
LARGE CARS,CADILLAC,DTS,8,Auto(L4),15,22,18,19,31.9,23.2267,R
LARGE CARS,CADILLAC,FUNERAL COACH/HEARSE,8,Auto(L4),12,16,14,14.9,22.7,17.6253,R
LARGE CARS,CADILLAC,LIMOUSINE,8,Auto(L4),12,18,14,15.1,25.1,18.3985,R
LARGE CARS,CHEVROLET,IMPALA,6,Auto(L4),18,29,22,22.9,40.3,28.4222,R
LARGE CARS,CHEVROLET,IMPALA,6,Auto(L4),14,22,17,17.6,30.3,21.6913,E
LARGE CARS,CHEVROLET,IMPALA,6,Auto(L4),19,29,23,24.1,41.2,29.635,R
LARGE CARS,CHEVROLET,IMPALA,6,Auto(L4),13,20,15,16,27.3,19.6624,E
LARGE CARS,CHEVROLET,IMPALA,6,Auto(L4),17,27,21,21.7,37.3,26.7308,R
LARGE CARS,CHEVROLET,IMPALA,8,Auto(L4),16,24,19,20.2,34.1,24.7377,R
LARGE CARS,CHRYSLER,300 AWD,6,Auto(L5),17,23,19,20.7,32.1,24.6374,R
LARGE CARS,CHRYSLER,300 AWD,8,Auto(L5),16,23,18,19.5,31.9,23.6341,R
LARGE CARS,CHRYSLER,300/SRT-8,6,Auto(L4),18,26,21,23.1,35.8989,27.5143,R
LARGE CARS,CHRYSLER,300/SRT-8,6,Auto(L4),17,25,20,21.5,34.2,25.8136,R
LARGE CARS,CHRYSLER,300/SRT-8,8,Auto(L5),16,25,19,19.3,34.5,24.0727,R
LARGE CARS,CHRYSLER,300/SRT-8,8,Auto(L5),13,19,15,16.3,26,19.5886,R
LARGE CARS,DODGE,CHARGER,6,Auto(L4),18,26,21,23.1,35.8989,27.5143,R
LARGE CARS,DODGE,CHARGER,6,Auto(L5),16,25,19,20.5,34.7,25.1272,R
LARGE CARS,DODGE,CHARGER,6,Auto(L4),17,25,20,21.5,34.2,25.8136,R
LARGE CARS,DODGE,CHARGER,8,Auto(L5),16,25,19,19.3,34.5,24.0727,R
LARGE CARS,DODGE,CHARGER,8,Auto(L5),13,19,15,16.3,26,19.5886,R
LARGE CARS,DODGE,CHARGER AWD,6,Auto(L5),17,23,19,20.7,32.1,24.6374,R
LARGE CARS,DODGE,CHARGER AWD,8,Auto(L5),16,23,18,19.5,31.9,23.6341,R
LARGE CARS,FORD,CROWN VICTORIA FFV,8,Auto(L4),12,17,14,14.4379,23.9476,17.5793,E
LARGE CARS,FORD,CROWN VICTORIA FFV,8,Auto(L4),16,24,19,19.7458,33.0928,24.1242,R
LARGE CARS,FORD,TAURUS AWD,6,Auto(L6),17,24,19,20.6,33.2,24.8427,R
LARGE CARS,FORD,TAURUS FWD,6,Auto(L6),18,28,21,22.3,38.5,27.5088,R
LARGE CARS,HONDA,ACCORD 4DR SEDAN,4,Manual(M5),22,31,25,27.797,43.0857,33.0791,R
LARGE CARS,HONDA,ACCORD 4DR SEDAN,4,Auto(L5),21,30,24,26.4401,42.7553,31.9215,R
LARGE CARS,HONDA,ACCORD 4DR SEDAN,6,Auto(L5),19,29,22,23.7657,40.923,29.2922,R
LARGE CARS,HYUNDAI,AZERA,6,Auto(L5),18,26,21,22.9,36.2,27.436,R
LARGE CARS,HYUNDAI,AZERA,6,Auto(L5),17,26,20,21.4,35.6,26.0815,R
LARGE CARS,HYUNDAI,GENESIS,6,Auto(L6),18,27,21,22.9,38.3,27.9589,R
LARGE CARS,HYUNDAI,GENESIS,8,Auto(L6),17,25,19,20.7,34.2,25.1712,P
LARGE CARS,HYUNDAI,SONATA,4,Manual(M5),21,32,25,26.8492,44.8,32.7553,R
LARGE CARS,HYUNDAI,SONATA,4,Auto(L5),22,32,25,27.5,44.4,33.1839,R
LARGE CARS,HYUNDAI,SONATA,6,Auto(L5),19,29,22,24.1,40.1,29.3742,R
LARGE CARS,INFINITI,M35,6,Auto(S7),17,25,19,20.8,34.1997,25.2523,P
LARGE CARS,INFINITI,M35X,6,Auto(S5),16,22,18,19.6499,30.5499,23.4083,P
LARGE CARS,INFINITI,M45,8,Auto(S5),16,21,18,19.5,29.6,23.0373,P
LARGE CARS,INFINITI,M45X,8,Auto(S5),14,20,16,17.3,27.2,20.6885,P
LARGE CARS,JAGUAR,JAGUAR SUPER V8,8,Auto(L6),15,22,18,18.7499,30.4,22.6572,P
LARGE CARS,JAGUAR,JAGUAR VDP,8,Auto(L6),16,25,19,20.0499,34.3499,24.6718,P
LARGE CARS,JAGUAR,JAGUAR XJ,8,Auto(L6),16,25,19,20.3499,34.4482,24.9437,P
LARGE CARS,JAGUAR,JAGUAR XJ8L,8,Auto(L6),16,25,19,20.3499,34.4482,24.9437,P
LARGE CARS,JAGUAR,JAGUAR XJR,8,Auto(L6),15,22,18,18.7499,30.4,22.6572,P
LARGE CARS,KIA,AMANTI,6,Auto(L5),17,24,19,20.7,33.8,25.0729,R
LARGE CARS,LINCOLN-MERCURY,GRAND MARQUIS FFV,8,Auto(L4),12,17,14,14.4379,23.9476,17.5793,E
LARGE CARS,LINCOLN-MERCURY,GRAND MARQUIS FFV,8,Auto(L4),16,24,19,19.7458,33.0928,24.1242,R
LARGE CARS,LINCOLN-MERCURY,MKS AWD,6,Auto(L6),16,23,19,20.3377,31.3651,24.1601,R
LARGE CARS,LINCOLN-MERCURY,MKS FWD,6,Auto(L6),17,24,19,20.8468,33.0246,24.9943,R
LARGE CARS,LINCOLN-MERCURY,SABLE AWD,6,Auto(L6),17,24,19,20.6,33.2,24.8427,R
LARGE CARS,LINCOLN-MERCURY,SABLE FWD,6,Auto(L6),18,28,21,22.3,38.5,27.5088,R
LARGE CARS,LINCOLN-MERCURY,TOWN CAR FFV,8,Auto(L4),12,17,14,14.4379,23.9476,17.5793,E
LARGE CARS,LINCOLN-MERCURY,TOWN CAR FFV,8,Auto(L4),16,24,19,19.7458,33.0928,24.1242,R
LARGE CARS,MASERATI,MASERATI QUATTROPORTE,8,Auto(A6),12,18,14,14.3993,24.1499,17.5964,P
LARGE CARS,MERCEDES-BENZ,MAYBACH 57,12,Auto(L5),10,16,12,12.4,21.4,15.2945,P
LARGE CARS,MERCEDES-BENZ,MAYBACH 57S,12,Auto(L5),10,16,12,12.3,21.4,15.2106,P
LARGE CARS,MERCEDES-BENZ,MAYBACH 62,12,Auto(L5),10,16,12,12.4,21.4,15.2945,P
LARGE CARS,MERCEDES-BENZ,MAYBACH 62S,12,Auto(L5),10,16,12,12.3,21.4,15.2106,P
LARGE CARS,MERCEDES-BENZ,S550,8,Auto(L7),14,22,17,17.9,30.5,21.9875,P
LARGE CARS,MERCEDES-BENZ,S550 4MATIC,8,Auto(L7),14,21,17,17.5,29.8,21.4919,P
LARGE CARS,MERCEDES-BENZ,S600,12,Auto(L5),11,17,13,13.8,24,17.0634,P
LARGE CARS,MERCEDES-BENZ,S63 AMG,8,Auto(S7),11,17,13,13.8,24,17.0634,P
LARGE CARS,MERCEDES-BENZ,S65 AMG,12,Auto(S5),11,17,13,13.5,23.1,16.6054,P
LARGE CARS,PONTIAC,G8,6,Auto(S5),17,25,20,21.4,34.6,25.8353,R
LARGE CARS,PONTIAC,G8,8,Auto(S6),15,24,18,18.2,32.9,22.7803,R
LARGE CARS,ROLLS-ROYCE,PHANTOM EWB,12,Auto(S6),11,18,14,13.9939,24.2,17.2718,P
LARGE CARS,TOYOTA,AVALON,6,Auto(S6),19,28,23,24.5,39.8,29.6248,R
SMALL STATION WAGONS,AUDI,A3,4,Manual(M6),21,30,24,25.2484,40.8595,30.4907,P
SMALL STATION WAGONS,AUDI,A3,4,Auto(S6),22,28,24,27.1248,38.9863,31.4276,P
SMALL STATION WAGONS,AUDI,A3 QUATTRO,4,Auto(S6),21,28,24,27.2,37.1,30.9119,P
SMALL STATION WAGONS,AUDI,A3 QUATTRO,6,Auto(S6),18,25,21,23.2,34.6,27.2385,P
SMALL STATION WAGONS,AUDI,A4 AVANT QUATTRO,4,Auto(S6),21,27,23,25.9973,37.8274,30.2551,P
SMALL STATION WAGONS,BMW,328I SPORT WAGON,6,Manual(M6),17,27,20,21.261,37.1444,26.327,P
SMALL STATION WAGONS,BMW,328I SPORT WAGON,6,Auto(S6),18,27,21,22.5809,38.0812,27.6444,P
SMALL STATION WAGONS,BMW,328I SPORT WAGON XDRIVE,6,Manual(M6),17,25,20,20.8735,35.4336,25.6089,P
SMALL STATION WAGONS,BMW,328I SPORT WAGON XDRIVE,6,Auto(S6),17,25,20,21.7665,35.2524,26.2928,P
SMALL STATION WAGONS,HONDA,FIT,4,Auto(L5),28,35,31,36.5,49.3,41.3287,R
SMALL STATION WAGONS,HONDA,FIT,4,Manual(M5),27,33,29,35.4276,45.9706,39.5046,R
SMALL STATION WAGONS,HONDA,FIT,4,Auto(S5),27,33,30,35.2,47.4,39.811,R
SMALL STATION WAGONS,HYUNDAI,ELANTRA TOURING,4,Manual(M5),23,31,26,29.5,43.5,34.496,R
SMALL STATION WAGONS,HYUNDAI,ELANTRA TOURING,4,Auto(L4),23,30,26,29.9,42.6,34.5327,R
SMALL STATION WAGONS,MITSUBISHI,LANCER SPORTBACK,4,Auto(S6),17,25,20,21.4,34.7,25.8604,P
SMALL STATION WAGONS,MITSUBISHI,LANCER SPORTBACK,4,Manual(M5),20,27,22,25.0915,37.2191,29.4028,R
SMALL STATION WAGONS,MITSUBISHI,LANCER SPORTBACK,4,Auto(AV),21,27,23,26.3695,37.5092,30.4372,R
SMALL STATION WAGONS,PONTIAC,VIBE,4,Manual(M5),26,32,28,33.6,44.8,37.8592,R
SMALL STATION WAGONS,PONTIAC,VIBE,4,Auto(L4),26,31,28,33,43.7,37.0863,R
SMALL STATION WAGONS,PONTIAC,VIBE,4,Manual(M5),21,28,24,27.1,38.6,31.2957,R
SMALL STATION WAGONS,PONTIAC,VIBE,4,Auto(L4),20,26,22,25.3296,35.5877,29.1048,R
SMALL STATION WAGONS,PONTIAC,VIBE,4,Auto(S5),21,29,24,27,40,31.6252,R
SMALL STATION WAGONS,SAAB,9-3 AERO SPORTCOMBI AWD,6,Manual(M6),15,24,18,18.8,33.4,23.4037,P
SMALL STATION WAGONS,SAAB,9-3 AERO SPORTCOMBI AWD,6,Auto(S6),15,24,18,18.975,33.4571,23.5651,P
SMALL STATION WAGONS,SAAB,9-3 SPORTCOMBI,6,Manual(M6),16,26,19,19.7,36,24.741,P
SMALL STATION WAGONS,SAAB,9-3 SPORTCOMBI,6,Auto(S6),15,24,18,18.9663,33.2987,23.5223,P
SMALL STATION WAGONS,SUBARU,IMPREZA WGN/OUTBACK SPT AWD,4,Auto(S4),19,24,21,23.9267,33.0743,27.3279,P
SMALL STATION WAGONS,SUBARU,IMPREZA WGN/OUTBACK SPT AWD,4,Manual(M5),18,25,21,22.9906,34.1764,26.9616,P
SMALL STATION WAGONS,SUBARU,IMPREZA WGN/OUTBACK SPT AWD,4,Manual(M5),20,27,22,24.7947,37.0519,29.1313,R
SMALL STATION WAGONS,SUBARU,IMPREZA WGN/OUTBACK SPT AWD,4,Manual(M6),17,23,19,21.4,31.8,25.0929,P
SMALL STATION WAGONS,SUBARU,IMPREZA WGN/OUTBACK SPT AWD,4,Auto(S4),20,26,22,25.0487,36.5784,29.1889,R
SMALL STATION WAGONS,SUZUKI,SX4,4,Manual(M5),22,29,24,27.5,40.9,32.2555,R
SMALL STATION WAGONS,SUZUKI,SX4,4,Auto(L4),22,30,25,28.4,41.6,33.1307,R
SMALL STATION WAGONS,SUZUKI,SX4 AWD,4,Manual(M5),21,28,23,26.3,38.8,30.7593,R
SMALL STATION WAGONS,SUZUKI,SX4 AWD,4,Auto(L4),21,28,24,26.5317,39,30.9901,R
SMALL STATION WAGONS,TOYOTA,COROLLA MATRIX,4,Manual(M5),26,32,28,33.5697,44.7392,37.8185,R
SMALL STATION WAGONS,TOYOTA,COROLLA MATRIX,4,Auto(L4),25,31,28,32.7182,43.629,36.8671,R
SMALL STATION WAGONS,TOYOTA,COROLLA MATRIX,4,Manual(M5),21,28,24,27.2419,38.942,31.5009,R
SMALL STATION WAGONS,TOYOTA,COROLLA MATRIX,4,Auto(L4),20,26,22,25.49,36.1596,29.3928,R
SMALL STATION WAGONS,TOYOTA,COROLLA MATRIX,4,Auto(S5),21,29,24,27.0768,40.222,31.7455,R
SMALL STATION WAGONS,TOYOTA,SCION XB,4,Manual(M5),22,28,24,27.6242,38.7,31.7078,R
SMALL STATION WAGONS,TOYOTA,SCION XB,4,Auto(S4),22,28,24,27.4,38.7,31.5448,R
SMALL STATION WAGONS,VOLKSWAGEN,JETTA SPORTWAGEN,4,Manual(M6),21,31,25,26.0737,41.4298,31.2932,P
SMALL STATION WAGONS,VOLKSWAGEN,JETTA SPORTWAGEN,4,Auto(S6),22,29,25,28.3522,40.3742,32.739,P
SMALL STATION WAGONS,VOLKSWAGEN,JETTA SPORTWAGEN,4,Manual(M6),30,41,34,38.6,58.1,45.467,D
SMALL STATION WAGONS,VOLKSWAGEN,JETTA SPORTWAGEN,4,Auto(S6),29,40,33,38.5034,56.6944,45.001,D
SMALL STATION WAGONS,VOLKSWAGEN,JETTA SPORTWAGEN,5,Manual(M5),21,30,24,24.2843,39.2832,29.3224,R
SMALL STATION WAGONS,VOLKSWAGEN,JETTA SPORTWAGEN,5,Auto(S6),20,29,24,24.9704,38.6874,29.7108,R
SMALL STATION WAGONS,VOLVO,V50 AWD,5,Manual(M6),17,25,20,21.7,35.5,26.3008,R
SMALL STATION WAGONS,VOLVO,V50 AWD,5,Auto(S5),18,26,21,22.1514,36.4702,26.9049,R
SMALL STATION WAGONS,VOLVO,V50 FWD,5,Manual(M5),20,28,23,24.8025,38.6039,29.5578,R
SMALL STATION WAGONS,VOLVO,V50 FWD,5,Auto(S5),20,28,23,24.799,39.1979,29.7102,R
SMALL STATION WAGONS,VOLVO,V50 FWD,5,Manual(M6),19,28,23,24.4,39.5,29.4695,R
SMALL STATION WAGONS,VOLVO,V50 FWD,5,Auto(S5),19,28,23,24.4014,39.3024,29.4209,R
MIDSIZE STATION WAGONS,BMW,535I SPORT WAGON XDRIVE,6,Manual(M6),16,23,18,19.2864,32.3177,23.5617,P
MIDSIZE STATION WAGONS,BMW,535I SPORT WAGON XDRIVE,6,Auto(S6),16,24,19,20.333,33.5146,24.7056,P
MIDSIZE STATION WAGONS,KIA,RONDO,4,Auto(L4),20,27,22,24.7,37.1,29.0727,R
MIDSIZE STATION WAGONS,KIA,RONDO,6,Auto(L5),18,26,21,22.8,35.9,27.2795,R
MIDSIZE STATION WAGONS,MERCEDES-BENZ,E350 4MATIC (WAGON),6,Auto(L5),16,21,18,19.7,29.3,23.1069,P
MIDSIZE STATION WAGONS,MERCEDES-BENZ,E63 AMG (WAGON),8,Auto(S7),13,18,15,15.5,25.5,18.8214,P
MIDSIZE STATION WAGONS,VOLKSWAGEN,PASSAT WAGON,4,Auto(S6),19,28,22,23.7,38.5,28.6573,P
MIDSIZE STATION WAGONS,VOLVO,V70 FWD,6,Auto(S6),16,25,20,20.5767,35.4373,25.3628,R
SMALL PICKUP TRUCKS 2WD,CHEVROLET,COLORADO 2WD,4,Manual(M5),18,24,20,22.6466,33.5791,26.534,R
SMALL PICKUP TRUCKS 2WD,CHEVROLET,COLORADO 2WD,4,Auto(L4),18,24,20,22.7871,32.7122,26.3902,R
SMALL PICKUP TRUCKS 2WD,CHEVROLET,COLORADO 2WD,5,Auto(L4),17,23,19,20.978,31.7078,24.7464,R
SMALL PICKUP TRUCKS 2WD,CHEVROLET,COLORADO 2WD,8,Auto(L4),15,21,17,19.2499,28.8,22.6262,R
SMALL PICKUP TRUCKS 2WD,CHEVROLET,COLORADO CAB CHASSIS INC 2WD,5,Auto(L4),15,20,17,18.9,27.4,21.9665,R
SMALL PICKUP TRUCKS 2WD,CHEVROLET,COLORADO CREW CAB 2WD,4,Manual(M5),18,24,20,22.5,33.8,26.4844,R
SMALL PICKUP TRUCKS 2WD,CHEVROLET,COLORADO CREW CAB 2WD,4,Auto(L4),18,24,20,22.7,32.8,26.3514,R
SMALL PICKUP TRUCKS 2WD,CHEVROLET,COLORADO CREW CAB 2WD,5,Auto(L4),17,23,19,20.8,31.6,24.5804,R
SMALL PICKUP TRUCKS 2WD,CHEVROLET,COLORADO CREW CAB 2WD,8,Auto(L4),15,21,17,19.2499,28.8,22.6262,R
SMALL PICKUP TRUCKS 2WD,FORD,RANGER 2WD,4,Manual(M5),21,26,23,26.5,36.8,30.3187,R
SMALL PICKUP TRUCKS 2WD,FORD,RANGER 2WD,4,Auto(L5),19,24,21,23.7881,32.8925,27.1727,R
SMALL PICKUP TRUCKS 2WD,FORD,RANGER 2WD,6,Manual(M5),15,21,17,18.7,28.6,22.1503,R
SMALL PICKUP TRUCKS 2WD,FORD,RANGER 2WD,6,Auto(L5),16,21,18,19.4588,28.4227,22.6772,R
SMALL PICKUP TRUCKS 2WD,GMC,CANYON 2WD,4,Auto(L4),18,24,20,22.7819,32.7174,26.3879,R
SMALL PICKUP TRUCKS 2WD,GMC,CANYON 2WD,4,Manual(M5),18,24,20,22.6199,33.6188,26.525,R
SMALL PICKUP TRUCKS 2WD,GMC,CANYON 2WD,5,Auto(L4),17,23,19,20.9624,31.6984,24.7318,R
SMALL PICKUP TRUCKS 2WD,GMC,CANYON 2WD,8,Auto(L4),15,21,17,19.2499,28.8,22.6262,R
SMALL PICKUP TRUCKS 2WD,GMC,CANYON CAB CHASSIS INC 2WD,5,Auto(L4),15,20,17,18.9,27.4,21.9665,R
SMALL PICKUP TRUCKS 2WD,GMC,CANYON CREW CAB 2WD,4,Auto(L4),18,24,20,22.7,32.8,26.3514,R
SMALL PICKUP TRUCKS 2WD,GMC,CANYON CREW CAB 2WD,4,Manual(M5),18,24,20,22.5,33.8,26.4844,R
SMALL PICKUP TRUCKS 2WD,GMC,CANYON CREW CAB 2WD,5,Auto(L4),17,23,19,20.8,31.6,24.5804,R
SMALL PICKUP TRUCKS 2WD,GMC,CANYON CREW CAB 2WD,8,Auto(L4),15,21,17,19.2499,28.8,22.6262,R
SMALL PICKUP TRUCKS 2WD,MAZDA,B2300 2WD,4,Auto(L5),19,24,21,23.7881,32.8925,27.1727,R
SMALL PICKUP TRUCKS 2WD,MAZDA,B2300 2WD,4,Manual(M5),21,26,23,26.5,36.8,30.3187,R
SMALL PICKUP TRUCKS 2WD,NISSAN,FRONTIER 2WD,4,Manual(M5),19,23,21,24.5,31.8,27.3225,R
SMALL PICKUP TRUCKS 2WD,NISSAN,FRONTIER 2WD,4,Auto(L5),17,22,19,20.8,30.2,24.1879,R
SMALL PICKUP TRUCKS 2WD,NISSAN,FRONTIER 2WD,6,Manual(M6),16,20,18,19.6736,28.1,22.7425,R
SMALL PICKUP TRUCKS 2WD,NISSAN,FRONTIER 2WD,6,Auto(L5),15,20,17,18.4661,27.9881,21.8043,R
SMALL PICKUP TRUCKS 2WD,SUZUKI,EQUATOR 2WD,4,Manual(M5),19,23,21,24.5,31.8,27.3225,R
SMALL PICKUP TRUCKS 2WD,SUZUKI,EQUATOR 2WD,4,Auto(L5),17,22,19,20.8,30.2,24.1879,R
SMALL PICKUP TRUCKS 2WD,SUZUKI,EQUATOR 2WD,6,Auto(L5),15,20,17,18.5036,27.9107,21.8118,R
SMALL PICKUP TRUCKS 2WD,TOYOTA,TOYOTA TACOMA 2WD,4,Manual(M5),20,26,22,25.6218,36.25,29.5161,R
SMALL PICKUP TRUCKS 2WD,TOYOTA,TOYOTA TACOMA 2WD,4,Auto(L4),19,25,21,23.9737,35.414,28.0516,R
SMALL PICKUP TRUCKS 2WD,TOYOTA,TOYOTA TACOMA 2WD,6,Manual(M6),15,19,17,18.6,26.7,21.5407,R
SMALL PICKUP TRUCKS 2WD,TOYOTA,TOYOTA TACOMA 2WD,6,Auto(L5),17,21,18,20.7,29.2,23.8203,R
SMALL PICKUP TRUCKS 4WD,CHEVROLET,COLORADO 4WD,4,Manual(M5),17,23,20,21.7,32.7,25.5708,R
SMALL PICKUP TRUCKS 4WD,CHEVROLET,COLORADO 4WD,4,Auto(L4),17,23,20,21.9,31.9,25.4967,R
SMALL PICKUP TRUCKS 4WD,CHEVROLET,COLORADO 4WD,5,Auto(L4),16,22,19,20.5073,30.8655,24.1551,R
SMALL PICKUP TRUCKS 4WD,CHEVROLET,COLORADO 4WD,8,Auto(L4),14,19,16,17.7,26,20.6692,R
SMALL PICKUP TRUCKS 4WD,CHEVROLET,COLORADO CAB CHASSIS INC 4WD,5,Auto(L4),16,21,18,19.5,29.4,22.9826,R
SMALL PICKUP TRUCKS 4WD,CHEVROLET,COLORADO CREW CAB 4WD,5,Auto(L4),16,21,18,19.5,29.4,22.9826,R
SMALL PICKUP TRUCKS 4WD,CHEVROLET,COLORADO CREW CAB 4WD,8,Auto(L4),14,19,16,17.7,26,20.6692,R
SMALL PICKUP TRUCKS 4WD,FORD,RANGER 4WD,6,Manual(M5),15,19,16,18.4,26.2,21.2464,R
SMALL PICKUP TRUCKS 4WD,FORD,RANGER 4WD,6,Auto(L5),14,18,15,17.221,24.461,19.8671,R
SMALL PICKUP TRUCKS 4WD,GMC,CANYON 4WD,4,Auto(L4),17,23,20,21.9,31.9,25.4967,R
SMALL PICKUP TRUCKS 4WD,GMC,CANYON 4WD,4,Manual(M5),17,23,20,21.7,32.7,25.5708,R
SMALL PICKUP TRUCKS 4WD,GMC,CANYON 4WD,5,Auto(L4),16,22,18,20.3247,30.6002,23.9427,R
SMALL PICKUP TRUCKS 4WD,GMC,CANYON 4WD,8,Auto(L4),14,19,16,17.7,26,20.6692,R
SMALL PICKUP TRUCKS 4WD,GMC,CANYON CAB CHASSIS INC 4WD,5,Auto(L4),16,21,18,19.5,29.4,22.9826,R
SMALL PICKUP TRUCKS 4WD,GMC,CANYON CREW CAB 4WD,5,Auto(L4),16,21,18,19.5,29.4,22.9826,R
SMALL PICKUP TRUCKS 4WD,GMC,CANYON CREW CAB 4WD,8,Auto(L4),14,19,16,17.7,26,20.6692,R
SMALL PICKUP TRUCKS 4WD,MAZDA,B4000 4WD,6,Manual(M5),15,19,16,18.4,26.2,21.2464,R
SMALL PICKUP TRUCKS 4WD,MAZDA,B4000 4WD,6,Auto(L5),14,18,15,17.221,24.461,19.8671,R
SMALL PICKUP TRUCKS 4WD,NISSAN,FRONTIER 4WD,6,Manual(M6),15,19,17,19.1752,26.9554,22.0375,R
SMALL PICKUP TRUCKS 4WD,NISSAN,FRONTIER 4WD,6,Auto(L5),15,19,16,17.9731,26.7792,21.0946,R
SMALL PICKUP TRUCKS 4WD,SUZUKI,EQUATOR 4WD,6,Auto(L5),15,19,16,17.9677,26.3129,20.9589,R
SMALL PICKUP TRUCKS 4WD,TOYOTA,TOYOTA TACOMA 4WD,4,Manual(M5),17,22,19,21.7,30.3,24.8774,R
SMALL PICKUP TRUCKS 4WD,TOYOTA,TOYOTA TACOMA 4WD,6,Manual(M6),14,19,16,17.8,25.7,20.6575,R
SMALL PICKUP TRUCKS 4WD,TOYOTA,TOYOTA TACOMA 4WD,6,Auto(L5),16,20,18,19.6,28.3,22.7468,R
STANDARD PICKUP TRUCKS 2WD,CHEVROLET,C15 SILVERADO 2WD,6,Auto(L4),15,20,17,18.6758,27.8117,21.9154,R
STANDARD PICKUP TRUCKS 2WD,CHEVROLET,C15 SILVERADO 2WD,8,Auto(L4),14,19,16,17.6257,26.153,20.6565,R
STANDARD PICKUP TRUCKS 2WD,CHEVROLET,C15 SILVERADO 2WD,8,Auto(L4),11,15,13,13.7404,20.5856,16.1583,E
STANDARD PICKUP TRUCKS 2WD,CHEVROLET,C15 SILVERADO 2WD,8,Auto(L4),14,20,16,18.0689,27.5423,21.3778,R
STANDARD PICKUP TRUCKS 2WD,CHEVROLET,C15 SILVERADO 2WD,8,Auto(L6),10,15,12,12.6,20.5,15.2434,E
STANDARD PICKUP TRUCKS 2WD,CHEVROLET,C15 SILVERADO 2WD,8,Auto(L6),14,20,16,16.9,27.3,20.3966,R
STANDARD PICKUP TRUCKS 2WD,CHEVROLET,C15 SILVERADO 2WD,8,Auto(L4),14,20,16,17.9878,27.4704,21.2958,R
STANDARD PICKUP TRUCKS 2WD,CHEVROLET,C15 SILVERADO 2WD,8,Auto(L6),14,20,16,16.9742,27.3352,20.4648,R
STANDARD PICKUP TRUCKS 2WD,CHEVROLET,C15 SILVERADO 2WD,8,Auto(L6),14,19,16,17.3,27.4,20.7403,R
STANDARD PICKUP TRUCKS 2WD,CHEVROLET,C15 SILVERADO 2WD,8,Auto(L6),10,14,11,11.9,19.1,14.331,E
STANDARD PICKUP TRUCKS 2WD,CHEVROLET,C15 SILVERADO 2WD,8,Auto(L6),13,19,15,15.4,26.1,18.8837,R
STANDARD PICKUP TRUCKS 2WD,CHEVROLET,C15 SILVERADO 2WD HYBRID,8,Auto(AV),21,22,21,26.8,30.1459,28.2089,R
STANDARD PICKUP TRUCKS 2WD,CHEVROLET,C15 SILVERADO XFE 2WD,8,Auto(L6),11,16,13,13.5,21.61,16.2431,E
STANDARD PICKUP TRUCKS 2WD,CHEVROLET,C15 SILVERADO XFE 2WD,8,Auto(L6),15,21,17,18.01,28.81,21.6646,R
STANDARD PICKUP TRUCKS 2WD,DODGE,DAKOTA PICKUP 2WD,6,Manual(M6),16,20,18,19.5,28.3,22.6726,R
STANDARD PICKUP TRUCKS 2WD,DODGE,DAKOTA PICKUP 2WD,6,Auto(L4),15,20,17,18.1,28.1,21.5513,R
STANDARD PICKUP TRUCKS 2WD,DODGE,DAKOTA PICKUP 2WD,8,Auto(L5),9,13,10,10.7182,17.2303,12.9147,E
STANDARD PICKUP TRUCKS 2WD,DODGE,DAKOTA PICKUP 2WD,8,Auto(L5),14,19,15,16.742,25.6124,19.8329,R
STANDARD PICKUP TRUCKS 2WD,DODGE,RAM 1500 PICKUP 2WD,6,Auto(L4),14,20,16,17.7,27.8,21.1593,R
STANDARD PICKUP TRUCKS 2WD,DODGE,RAM 1500 PICKUP 2WD,8,Auto(L5),9,13,10,10.7,17.2,12.8925,E
STANDARD PICKUP TRUCKS 2WD,DODGE,RAM 1500 PICKUP 2WD,8,Auto(L5),14,19,15,16.7,25.6,19.7972,R
STANDARD PICKUP TRUCKS 2WD,DODGE,RAM 1500 PICKUP 2WD,8,Auto(L5),14,20,16,17,27.1,20.4256,R
STANDARD PICKUP TRUCKS 2WD,FORD,EXPLORER SPORT TRAC 2WD,6,Auto(L5),14,20,16,17.3,27.8,20.8425,R
STANDARD PICKUP TRUCKS 2WD,FORD,EXPLORER SPORT TRAC 2WD,8,Auto(L6),15,21,17,17.9705,28.7372,21.6146,R
STANDARD PICKUP TRUCKS 2WD,FORD,F150 FFV  2WD,8,Auto(L6),10,14,12,12.7724,19.8663,15.2176,E
STANDARD PICKUP TRUCKS 2WD,FORD,F150 FFV  2WD,8,Auto(L6),14,20,16,17.6958,27.4904,21.0748,R
STANDARD PICKUP TRUCKS 2WD,FORD,F150 PICKUP 2WD,8,Auto(L6),15,20,17,18.0797,28.1975,21.5612,R
STANDARD PICKUP TRUCKS 2WD,FORD,F150 PICKUP 2WD,8,Auto(L4),14,19,16,17.6386,25.7993,20.566,R
STANDARD PICKUP TRUCKS 2WD,GMC,C15 SIERRA 2WD,6,Auto(L4),15,20,17,18.6775,27.8137,21.9171,R
STANDARD PICKUP TRUCKS 2WD,GMC,C15 SIERRA 2WD,8,Auto(L4),14,19,16,17.7736,26.1916,20.7788,R
STANDARD PICKUP TRUCKS 2WD,GMC,C15 SIERRA 2WD,8,Auto(L4),11,15,13,13.8324,20.641,16.2435,E
STANDARD PICKUP TRUCKS 2WD,GMC,C15 SIERRA 2WD,8,Auto(L4),14,20,16,18.1793,27.6346,21.4878,R
STANDARD PICKUP TRUCKS 2WD,GMC,C15 SIERRA 2WD,8,Auto(L6),10,15,12,12.6,20.5,15.2434,E
STANDARD PICKUP TRUCKS 2WD,GMC,C15 SIERRA 2WD,8,Auto(L6),14,20,16,16.9,27.3,20.3966,R
STANDARD PICKUP TRUCKS 2WD,GMC,C15 SIERRA 2WD,8,Auto(L4),14,20,16,17.9866,27.4654,21.2936,R
STANDARD PICKUP TRUCKS 2WD,GMC,C15 SIERRA 2WD,8,Auto(L6),14,20,16,16.9748,27.3354,20.4654,R
STANDARD PICKUP TRUCKS 2WD,GMC,C15 SIERRA 2WD,8,Auto(L6),14,19,16,17.3,27.4,20.7403,R
STANDARD PICKUP TRUCKS 2WD,GMC,C15 SIERRA 2WD,8,Auto(L6),10,14,11,11.9,19.1,14.331,E
STANDARD PICKUP TRUCKS 2WD,GMC,C15 SIERRA 2WD,8,Auto(L6),13,19,15,15.4,26.1,18.8837,R
STANDARD PICKUP TRUCKS 2WD,GMC,C15 SIERRA 2WD HYBRID,8,Auto(AV),21,22,21,26.8,30.1459,28.2089,R
STANDARD PICKUP TRUCKS 2WD,GMC,C15 SIERRA XFE 2WD,8,Auto(L6),11,16,13,13.5,21.61,16.2431,E
STANDARD PICKUP TRUCKS 2WD,GMC,C15 SIERRA XFE 2WD,8,Auto(L6),15,21,17,18.01,28.81,21.6646,R
STANDARD PICKUP TRUCKS 2WD,MITSUBISHI,RAIDER PICKUP 2WD,6,Manual(M6),16,20,18,19.5,28.3,22.6726,R
STANDARD PICKUP TRUCKS 2WD,MITSUBISHI,RAIDER PICKUP 2WD,6,Auto(L4),15,20,17,18.1,28.1,21.5513,R
STANDARD PICKUP TRUCKS 2WD,MITSUBISHI,RAIDER PICKUP 2WD,8,Auto(L5),9,13,10,11,17.7,13.2584,E
STANDARD PICKUP TRUCKS 2WD,MITSUBISHI,RAIDER PICKUP 2WD,8,Auto(L5),14,19,15,17.4,25.8,20.3869,R
STANDARD PICKUP TRUCKS 2WD,NISSAN,TITAN 2WD,8,Auto(L5),9,13,11,11.4247,18.0118,13.6752,E
STANDARD PICKUP TRUCKS 2WD,NISSAN,TITAN 2WD,8,Auto(L5),13,18,14,15.3909,24.2318,18.4142,R
STANDARD PICKUP TRUCKS 2WD,NISSAN,TITAN 2WD,8,Auto(L5),13,17,14,15.4439,23.9989,18.3946,R
STANDARD PICKUP TRUCKS 2WD,TOYOTA,TOYOTA TUNDRA 2WD,6,Auto(S5),15,19,16,18.6995,25.7499,21.3273,R
STANDARD PICKUP TRUCKS 2WD,TOYOTA,TOYOTA TUNDRA 2WD,8,Auto(S5),14,17,15,16.872,23.6293,19.3638,R
STANDARD PICKUP TRUCKS 2WD,TOYOTA,TOYOTA TUNDRA 2WD,8,Auto(S6),14,18,16,17.1551,25.1154,20.0089,R
STANDARD PICKUP TRUCKS 4WD,CHEVROLET,K15 SILVERADO 4WD,6,Auto(L4),14,18,15,17.1,24.4,19.7604,R
STANDARD PICKUP TRUCKS 4WD,CHEVROLET,K15 SILVERADO 4WD,8,Auto(L4),14,18,15,16.8774,24.9457,19.7523,R
STANDARD PICKUP TRUCKS 4WD,CHEVROLET,K15 SILVERADO 4WD,8,Auto(L4),10,14,12,12.73,18.724,14.8725,E
STANDARD PICKUP TRUCKS 4WD,CHEVROLET,K15 SILVERADO 4WD,8,Auto(L4),14,19,16,17.3282,26.0936,20.4141,R
STANDARD PICKUP TRUCKS 4WD,CHEVROLET,K15 SILVERADO 4WD,8,Auto(L6),10,15,12,12.6,20.5,15.2434,E
STANDARD PICKUP TRUCKS 4WD,CHEVROLET,K15 SILVERADO 4WD,8,Auto(L6),14,20,16,16.9,27.3,20.3966,R
STANDARD PICKUP TRUCKS 4WD,CHEVROLET,K15 SILVERADO 4WD,8,Auto(L4),14,19,16,17.9134,26.9909,21.108,R
STANDARD PICKUP TRUCKS 4WD,CHEVROLET,K15 SILVERADO 4WD,8,Auto(L6),14,20,16,16.8126,27.0046,20.2522,R
STANDARD PICKUP TRUCKS 4WD,CHEVROLET,K15 SILVERADO 4WD,8,Auto(L6),13,18,15,16.6766,26.8829,20.1128,R
STANDARD PICKUP TRUCKS 4WD,CHEVROLET,K15 SILVERADO 4WD,8,Auto(L6),9,14,11,11.5,18.8,13.9349,E
STANDARD PICKUP TRUCKS 4WD,CHEVROLET,K15 SILVERADO 4WD,8,Auto(L6),12,19,14,14.8,25.6,18.2681,R
STANDARD PICKUP TRUCKS 4WD,CHEVROLET,K15 SILVERADO 4WD HYBRID,8,Auto(AV),20,20,20,26.8,30.1459,28.2089,R
STANDARD PICKUP TRUCKS 4WD,DODGE,DAKOTA PICKUP 4WD,6,Manual(M6),15,19,16,18,26.1,20.9218,R
STANDARD PICKUP TRUCKS 4WD,DODGE,DAKOTA PICKUP 4WD,6,Auto(L4),14,18,15,16.8,24.4,19.5386,R
STANDARD PICKUP TRUCKS 4WD,DODGE,DAKOTA PICKUP 4WD,8,Auto(L5),14,19,15,16.7,25.6,19.7972,R
STANDARD PICKUP TRUCKS 4WD,DODGE,DAKOTA PICKUP 4WD,8,Auto(L5),9,12,10,11,16.5,12.9412,E
STANDARD PICKUP TRUCKS 4WD,DODGE,RAM 1500 PICKUP 4WD,8,Auto(L5),13,18,15,15.7904,24.466,18.7884,R
STANDARD PICKUP TRUCKS 4WD,DODGE,RAM 1500 PICKUP 4WD,8,Auto(L5),9,12,10,10.9989,16.4984,12.9399,E
STANDARD PICKUP TRUCKS 4WD,DODGE,RAM 1500 PICKUP 4WD,8,Auto(L5),13,18,15,16.0232,25.4274,19.2223,R
STANDARD PICKUP TRUCKS 4WD,FORD,EXPLORER SPORT TRAC 4WD,6,Auto(L5),13,19,15,16.4469,25.7624,19.6432,R
STANDARD PICKUP TRUCKS 4WD,FORD,EXPLORER SPORT TRAC 4WD,8,Auto(L6),14,19,16,16.8379,26.6162,20.1729,R
STANDARD PICKUP TRUCKS 4WD,FORD,F150 FFV  4WD,8,Auto(L6),10,13,11,12.1058,17.9327,14.179,E
STANDARD PICKUP TRUCKS 4WD,FORD,F150 FFV  4WD,8,Auto(L6),14,18,15,16.761,24.7556,19.611,R
STANDARD PICKUP TRUCKS 4WD,FORD,F150 PICKUP 4WD,8,Auto(L4),14,18,15,16.8912,24.4216,19.6126,R
STANDARD PICKUP TRUCKS 4WD,FORD,F150 PICKUP 4WD,8,Auto(L6),14,19,16,16.8256,25.7866,19.9445,R
STANDARD PICKUP TRUCKS 4WD,GMC,K15 SIERRA 4WD,6,Auto(L4),14,18,15,17.1,24.4,19.7604,R
STANDARD PICKUP TRUCKS 4WD,GMC,K15 SIERRA 4WD,8,Auto(L4),14,18,15,16.7786,24.8556,19.6524,R
STANDARD PICKUP TRUCKS 4WD,GMC,K15 SIERRA 4WD,8,Auto(L4),10,14,12,12.7718,18.8488,14.9392,E
STANDARD PICKUP TRUCKS 4WD,GMC,K15 SIERRA 4WD,8,Auto(L4),14,19,16,17.371,26.1385,20.4591,R
STANDARD PICKUP TRUCKS 4WD,GMC,K15 SIERRA 4WD,8,Auto(L6),10,15,12,12.6,20.5,15.2434,E
STANDARD PICKUP TRUCKS 4WD,GMC,K15 SIERRA 4WD,8,Auto(L6),14,20,16,16.9,27.3,20.3966,R
STANDARD PICKUP TRUCKS 4WD,GMC,K15 SIERRA 4WD,8,Auto(L4),14,19,16,17.8909,26.9503,21.0796,R
STANDARD PICKUP TRUCKS 4WD,GMC,K15 SIERRA 4WD,8,Auto(L6),14,20,16,16.8099,26.9956,20.2478,R
STANDARD PICKUP TRUCKS 4WD,GMC,K15 SIERRA 4WD,8,Auto(L6),13,18,15,16.7095,27.0054,20.17,R
STANDARD PICKUP TRUCKS 4WD,GMC,K15 SIERRA 4WD,8,Auto(L6),9,14,11,11.5,18.8,13.9349,E
STANDARD PICKUP TRUCKS 4WD,GMC,K15 SIERRA 4WD,8,Auto(L6),12,19,14,14.8,25.6,18.2681,R
STANDARD PICKUP TRUCKS 4WD,GMC,K15 SIERRA 4WD HYBRID,8,Auto(AV),20,20,20,26.8,30.1459,28.2089,R
STANDARD PICKUP TRUCKS 4WD,GMC,K15 SIERRA AWD,8,Auto(L6),9,14,11,11.5,18.8,13.9349,E
STANDARD PICKUP TRUCKS 4WD,GMC,K15 SIERRA AWD,8,Auto(L6),12,19,14,14.8,25.6,18.2681,R
STANDARD PICKUP TRUCKS 4WD,HONDA,RIDGELINE 4WD,6,Auto(L5),15,20,17,18.6,28.2,21.9648,R
STANDARD PICKUP TRUCKS 4WD,HUMMER,H3T 4WD,5,Manual(M5),14,18,16,17.4,25.4,20.2734,R
STANDARD PICKUP TRUCKS 4WD,HUMMER,H3T 4WD,5,Auto(L4),14,18,16,17.8,25.1,20.4804,R
STANDARD PICKUP TRUCKS 4WD,HUMMER,H3T 4WD,8,Auto(L4),13,16,14,16.0709,21.8212,18.233,R
STANDARD PICKUP TRUCKS 4WD,MITSUBISHI,RAIDER PICKUP 4WD,6,Manual(M6),15,19,16,18,26.1,20.9218,R
STANDARD PICKUP TRUCKS 4WD,MITSUBISHI,RAIDER PICKUP 4WD,6,Auto(L4),14,18,15,16.8,24.4,19.5386,R
STANDARD PICKUP TRUCKS 4WD,MITSUBISHI,RAIDER PICKUP 4WD,8,Auto(L5),14,19,15,16.7,25.6,19.7972,R
STANDARD PICKUP TRUCKS 4WD,MITSUBISHI,RAIDER PICKUP 4WD,8,Auto(L5),9,12,10,11,16.5,12.9412,E
STANDARD PICKUP TRUCKS 4WD,NISSAN,TITAN 4WD,8,Auto(L5),9,12,10,10.9843,17.189,13.1146,E
STANDARD PICKUP TRUCKS 4WD,NISSAN,TITAN 4WD,8,Auto(L5),12,17,14,14.9169,23.1763,17.7659,R
STANDARD PICKUP TRUCKS 4WD,NISSAN,TITAN 4WD,8,Auto(L5),12,17,14,14.848,23.0589,17.6812,R
STANDARD PICKUP TRUCKS 4WD,TOYOTA,TOYOTA TUNDRA 4WD,8,Auto(S5),13,16,15,16.4377,22.6945,18.7658,R
STANDARD PICKUP TRUCKS 4WD,TOYOTA,TOYOTA TUNDRA 4WD,8,Auto(S6),10,13,11,11.8278,17.5336,13.857,E
STANDARD PICKUP TRUCKS 4WD,TOYOTA,TOYOTA TUNDRA 4WD,8,Auto(S6),13,17,15,16.3226,23.9502,19.0532,R
STANDARD PICKUP TRUCKS 4WD,TOYOTA,TOYOTA TUNDRA 4WD,8,Auto(S6),13,17,14,15.4837,23.4472,18.2771,R
"VANS, CARGO TYPE",CHEVROLET,G1500 VAN 2WD CARGO,6,Auto(L4),15,20,17,18.5,27.6,21.723,R
"VANS, CARGO TYPE",CHEVROLET,G1500 VAN 2WD CARGO,8,Auto(L4),10,13,11,12.5,17.8,14.434,E
"VANS, CARGO TYPE",CHEVROLET,G1500 VAN 2WD CARGO,8,Auto(L4),14,18,15,17,24.7,19.774,R
"VANS, CARGO TYPE",CHEVROLET,G1500 VAN 2WD CARGO,8,Auto(L4),14,18,15,17,24.7,19.774,R
"VANS, CARGO TYPE",CHEVROLET,G1500 VAN CONV 2WD CARGO,8,Auto(L4),13,16,14,15.4,21.9,17.7739,R
"VANS, CARGO TYPE",CHEVROLET,G1500 VAN CONV 2WD CARGO,8,Auto(L4),9,12,10,11.5,16.3,13.2567,E
"VANS, CARGO TYPE",CHEVROLET,G1500 VAN CONV 2WD CARGO,8,Auto(L4),13,16,14,15.5,22.3,17.9652,R
"VANS, CARGO TYPE",CHEVROLET,H1500 VAN AWD CARGO,8,Auto(L4),10,12,11,12.2,17,13.9757,E
"VANS, CARGO TYPE",CHEVROLET,H1500 VAN AWD CARGO,8,Auto(L4),14,17,15,16.7,23.5,19.2001,R
"VANS, CARGO TYPE",CHEVROLET,H1500 VAN AWD CARGO,8,Auto(L4),14,17,15,16.7,23.5,19.2001,R
"VANS, CARGO TYPE",CHEVROLET,H1500 VAN CONV AWD CARGO,8,Auto(L4),9,12,10,11.6,16.3,13.3296,E
"VANS, CARGO TYPE",CHEVROLET,H1500 VAN CONV AWD CARGO,8,Auto(L4),13,16,14,15.5,22.4,17.9943,R
"VANS, CARGO TYPE",CHEVROLET,H1500 VAN CONV AWD CARGO,8,Auto(L4),12,15,14,15.1417,21.3266,17.4143,R
"VANS, CARGO TYPE",GMC,G1500 SAVANA 2WD CARGO,6,Auto(L4),15,20,17,18.5,27.6,21.723,R
"VANS, CARGO TYPE",GMC,G1500 SAVANA 2WD CARGO,8,Auto(L4),10,13,11,12.5,17.8,14.434,E
"VANS, CARGO TYPE",GMC,G1500 SAVANA 2WD CARGO,8,Auto(L4),14,18,15,17,24.7,19.774,R
"VANS, CARGO TYPE",GMC,G1500 SAVANA 2WD CARGO,8,Auto(L4),14,18,15,17,24.7,19.774,R
"VANS, CARGO TYPE",GMC,G1500 SAVANA 2WD CARGO CONV,8,Auto(L4),13,16,14,15.4,21.9,17.7739,R
"VANS, CARGO TYPE",GMC,G1500 SAVANA 2WD CARGO CONV,8,Auto(L4),9,12,10,11.5,16.3,13.2567,E
"VANS, CARGO TYPE",GMC,G1500 SAVANA 2WD CARGO CONV,8,Auto(L4),13,16,14,15.5,22.3,17.9652,R
"VANS, CARGO TYPE",GMC,H1500 SAVANA AWD CARGO CONV,8,Auto(L4),9,12,10,11.6,16.3,13.3296,E
"VANS, CARGO TYPE",GMC,H1500 SAVANA AWD CARGO CONV,8,Auto(L4),13,16,14,15.5,22.4,17.9943,R
"VANS, CARGO TYPE",GMC,H1500 SAVANA AWD CARGO CONV,8,Auto(L4),12,15,14,15.1417,21.3266,17.4143,R
"VANS, CARGO TYPE",GMC,H1500 SAVANA CARGO AWD,8,Auto(L4),10,12,11,12.2,17,13.9757,E
"VANS, CARGO TYPE",GMC,H1500 SAVANA CARGO AWD,8,Auto(L4),14,17,15,16.7,23.5,19.2001,R
"VANS, CARGO TYPE",GMC,H1500 SAVANA CARGO AWD,8,Auto(L4),14,17,15,16.7,23.5,19.2001,R
"VANS, PASSENGER TYPE",CHEVROLET,G1500 EXPRESS 2WD PASS,8,Auto(L4),9,12,10,11.5,16.3,13.2567,E
"VANS, PASSENGER TYPE",CHEVROLET,G1500 EXPRESS 2WD PASS,8,Auto(L4),13,16,14,15.5,22.3,17.9652,R
"VANS, PASSENGER TYPE",CHEVROLET,G1500 EXPRESS 2WD PASS,8,Auto(L4),13,16,14,15.4,21.9,17.7739,R
"VANS, PASSENGER TYPE",CHEVROLET,H1500 EXPRESS AWD PASS,8,Auto(L4),9,12,10,11.6,16.3,13.3296,E
"VANS, PASSENGER TYPE",CHEVROLET,H1500 EXPRESS AWD PASS,8,Auto(L4),13,16,14,15.5,22.4,17.9943,R
"VANS, PASSENGER TYPE",CHEVROLET,H1500 EXPRESS AWD PASS,8,Auto(L4),12,15,14,15.1417,21.3266,17.4143,R
"VANS, PASSENGER TYPE",GMC,G1500 SAVANA 2WD PASS,8,Auto(L4),9,12,10,11.5,16.3,13.2567,E
"VANS, PASSENGER TYPE",GMC,G1500 SAVANA 2WD PASS,8,Auto(L4),13,16,14,15.5,22.3,17.9652,R
"VANS, PASSENGER TYPE",GMC,G1500 SAVANA 2WD PASS,8,Auto(L4),13,16,14,15.4,21.9,17.7739,R
"VANS, PASSENGER TYPE",GMC,H1500 SAVANA PASS VAN AWD,8,Auto(L4),9,12,10,11.6,16.3,13.3296,E
"VANS, PASSENGER TYPE",GMC,H1500 SAVANA PASS VAN AWD,8,Auto(L4),13,16,14,15.5,22.4,17.9943,R
"VANS, PASSENGER TYPE",GMC,H1500 SAVANA PASS VAN AWD,8,Auto(L4),12,15,14,15.1417,21.3266,17.4143,R
MINIVAN - 2WD,CHRYSLER,TOWN & COUNTRY FWD,6,Auto(L4),11,16,13,14.2,22.9,17.1283,E
MINIVAN - 2WD,CHRYSLER,TOWN & COUNTRY FWD,6,Auto(L4),17,24,19,20.8,33.0988,24.9763,R
MINIVAN - 2WD,CHRYSLER,TOWN & COUNTRY FWD,6,Auto(L6),16,23,18,19.7,31.9,23.7952,R
MINIVAN - 2WD,CHRYSLER,TOWN & COUNTRY FWD,6,Auto(L6),17,25,20,21.4,35.1,25.9596,R
MINIVAN - 2WD,DODGE,CARAVAN FWD,6,Auto(L4),11,16,13,14.2,22.9,17.1283,E
MINIVAN - 2WD,DODGE,CARAVAN FWD,6,Auto(L4),17,24,19,20.8,33.0988,24.9763,R
MINIVAN - 2WD,DODGE,CARAVAN FWD,6,Auto(L6),16,23,18,19.7,31.9,23.7952,R
MINIVAN - 2WD,DODGE,CARAVAN FWD,6,Auto(L6),17,25,20,21.4,35.1,25.9596,R
MINIVAN - 2WD,HONDA,ODYSSEY 2WD,6,Auto(L5),16,23,18,19.7,32.4,23.9191,R
MINIVAN - 2WD,HONDA,ODYSSEY 2WD,6,Auto(L5),17,25,20,21.2,35.5,25.8937,R
MINIVAN - 2WD,HYUNDAI,ENTOURAGE,6,Auto(L5),16,23,18,19.8,31.5,23.7736,R
MINIVAN - 2WD,KIA,SEDONA,6,Auto(L5),16,23,18,19.8,31.5,23.7736,R
MINIVAN - 2WD,MAZDA,MAZDA 5,4,Manual(M5),22,28,24,27.3,39.2,31.6194,R
MINIVAN - 2WD,MAZDA,MAZDA 5,4,Auto(S5),21,27,23,26.4,38.1,30.6332,R
MINIVAN - 2WD,NISSAN,QUEST,6,Auto(L5),16,24,19,20.2869,32.7073,24.4681,P
MINIVAN - 2WD,TOYOTA,SIENNA 2WD,6,Auto(L5),17,23,19,22.4,34,26.4628,R
MINIVAN - 2WD,VW,ROUTAN FWD,6,Auto(L6),16,23,18,19.7,31.9,23.7952,R
MINIVAN - 2WD,VW,ROUTAN FWD,6,Auto(L6),17,25,20,21.4,35.1,25.9596,R
MINIVAN - 4WD,TOYOTA,SIENNA 4WD,6,Auto(L5),16,21,18,19.6,29.2,23.0032,R
S.U.V. - 2WD,BUICK,ENCLAVE FWD,6,Auto(L6),17,24,19,20.6,33,24.7921,R
S.U.V. - 2WD,CADILLAC,ESCALADE 2WD,8,Auto(L6),10,14,11,11.7,19.5,14.2683,E
S.U.V. - 2WD,CADILLAC,ESCALADE 2WD,8,Auto(L6),12,19,15,15,26.6,18.6623,R
S.U.V. - 2WD,CADILLAC,ESCALADE 2WD HYBRID,8,Auto(AV),20,21,20,26.8,30.1459,28.2089,R
S.U.V. - 2WD,CADILLAC,ESCALADE ESV 2WD,8,Auto(L6),10,14,11,11.7,19.5,14.2683,E
S.U.V. - 2WD,CADILLAC,ESCALADE ESV 2WD,8,Auto(L6),12,19,15,15,26.6,18.6623,R
S.U.V. - 2WD,CADILLAC,SRX 2WD,6,Auto(S5),15,23,18,18.5,31.3,22.6723,R
S.U.V. - 2WD,CADILLAC,SRX 2WD,8,Auto(S6),13,20,16,16.5,28.3,20.311,P
S.U.V. - 2WD,CHEVROLET,C1500 AVALANCHE 2WD,8,Auto(L6),10,15,12,12.6,20.5,15.2434,E
S.U.V. - 2WD,CHEVROLET,C1500 AVALANCHE 2WD,8,Auto(L6),14,20,16,16.9,27.3,20.3966,R
S.U.V. - 2WD,CHEVROLET,C1500 AVALANCHE 2WD,8,Auto(L6),14,20,16,16.8,27.1,20.2662,R
S.U.V. - 2WD,CHEVROLET,C1500 AVALANCHE 2WD,8,Auto(L6),14,19,16,16.8,27.3455,20.3276,R
S.U.V. - 2WD,CHEVROLET,C1500 SUBURBAN 2WD,8,Auto(L6),10,15,12,12.6,20.5,15.2434,E
S.U.V. - 2WD,CHEVROLET,C1500 SUBURBAN 2WD,8,Auto(L6),14,20,16,16.9,27.3,20.3966,R
S.U.V. - 2WD,CHEVROLET,C1500 SUBURBAN 2WD,8,Auto(L6),14,20,16,16.8,27.1,20.2662,R
S.U.V. - 2WD,CHEVROLET,C1500 SUBURBAN 2WD,8,Auto(L6),14,19,16,16.8,27.3455,20.3276,R
S.U.V. - 2WD,CHEVROLET,C1500 TAHOE 2WD,8,Auto(L4),14,19,16,17.4165,26.0975,20.4824,R
S.U.V. - 2WD,CHEVROLET,C1500 TAHOE 2WD,8,Auto(L6),10,15,12,12.6,20.5,15.2434,E
S.U.V. - 2WD,CHEVROLET,C1500 TAHOE 2WD,8,Auto(L6),14,20,16,16.9,27.3,20.3966,R
S.U.V. - 2WD,CHEVROLET,C1500 TAHOE 2WD,8,Auto(L6),14,20,16,16.8,27.1,20.2662,R
S.U.V. - 2WD,CHEVROLET,C1500 TAHOE 2WD,8,Auto(L6),10,14,11,11.7,19.5,14.2683,E
S.U.V. - 2WD,CHEVROLET,C1500 TAHOE 2WD,8,Auto(L6),12,19,15,15,26.6,18.6623,R
S.U.V. - 2WD,CHEVROLET,C1500 TAHOE HYBRID 2WD,8,Auto(AV),21,22,21,26.8,30.1459,28.2089,R
S.U.V. - 2WD,CHEVROLET,C1500 TAHOE XFE 2WD,8,Auto(L6),11,16,13,13.7,22.8999,16.7233,E
S.U.V. - 2WD,CHEVROLET,C1500 TAHOE XFE 2WD,8,Auto(L6),15,21,17,18.3,29.6999,22.1209,R
S.U.V. - 2WD,CHEVROLET,EQUINOX FWD,6,Auto(L5),17,24,20,21.2883,33.5926,25.4897,R
S.U.V. - 2WD,CHEVROLET,EQUINOX FWD,6,Auto(S6),17,24,19,20.8,32.9,24.9252,R
S.U.V. - 2WD,CHEVROLET,HHR FWD,4,Manual(M5),21,29,24,26.7,40.5,31.5354,R
S.U.V. - 2WD,CHEVROLET,HHR FWD,4,Auto(L4),19,29,23,24.3,40.2,29.5615,R
S.U.V. - 2WD,CHEVROLET,HHR FWD,4,Manual(M5),16,23,19,20.7,32.2285,24.6713,E
S.U.V. - 2WD,CHEVROLET,HHR FWD,4,Manual(M5),22,32,26,28.5,44.8568,34.0946,R
S.U.V. - 2WD,CHEVROLET,HHR FWD,4,Auto(L4),16,22,18,19.8,30.6086,23.5408,E
S.U.V. - 2WD,CHEVROLET,HHR FWD,4,Auto(L4),22,30,25,27.3,42.2171,32.4615,R
S.U.V. - 2WD,CHEVROLET,HHR FWD,4,Manual(M5),16,22,19,20.8,31.6,24.5804,E
S.U.V. - 2WD,CHEVROLET,HHR FWD,4,Manual(M5),21,30,24,27.6,41.9,32.6079,R
S.U.V. - 2WD,CHEVROLET,HHR FWD,4,Auto(L4),15,21,17,19,29.1,22.5168,E
S.U.V. - 2WD,CHEVROLET,HHR FWD,4,Auto(L4),22,29,24,27.3,40.8998,32.1037,R
S.U.V. - 2WD,CHEVROLET,HHR PANEL FWD,4,Manual(M5),21,29,24,26.7,40.5,31.5354,R
S.U.V. - 2WD,CHEVROLET,HHR PANEL FWD,4,Auto(L4),19,29,23,24.3,40.2,29.5615,R
S.U.V. - 2WD,CHEVROLET,HHR PANEL FWD,4,Manual(M5),16,23,19,20.7,32.2285,24.6713,E
S.U.V. - 2WD,CHEVROLET,HHR PANEL FWD,4,Manual(M5),22,32,26,28.5,44.8568,34.0946,R
S.U.V. - 2WD,CHEVROLET,HHR PANEL FWD,4,Auto(L4),16,22,18,19.8,30.6086,23.5408,E
S.U.V. - 2WD,CHEVROLET,HHR PANEL FWD,4,Auto(L4),22,30,25,27.3,42.2171,32.4615,R
S.U.V. - 2WD,CHEVROLET,HHR PANEL FWD,4,Manual(M5),16,22,19,20.8,31.6,24.5804,E
S.U.V. - 2WD,CHEVROLET,HHR PANEL FWD,4,Manual(M5),21,30,24,27.6,41.9,32.6079,R
S.U.V. - 2WD,CHEVROLET,HHR PANEL FWD,4,Auto(L4),15,21,17,19,29.1,22.5168,E
S.U.V. - 2WD,CHEVROLET,HHR PANEL FWD,4,Auto(L4),22,29,24,27.3,40.8998,32.1037,R
S.U.V. - 2WD,CHEVROLET,TRAILBLAZER 2WD,6,Auto(L4),14,20,16,17.6,28,21.1321,R
S.U.V. - 2WD,CHEVROLET,TRAILBLAZER 2WD,8,Auto(L4),15,21,17,19,30.1,22.7803,R
S.U.V. - 2WD,CHEVROLET,TRAILBLAZER 2WD,8,Auto(L4),12,16,14,14.9,22.5,17.5708,R
S.U.V. - 2WD,CHEVROLET,TRAVERSE FWD,6,Auto(L6),17,24,19,20.6,33,24.7921,R
S.U.V. - 2WD,CHRYSLER,ASPEN 2WD,8,Auto(L5),14,19,15,16.7,25.6,19.7972,R
S.U.V. - 2WD,CHRYSLER,ASPEN 2WD,8,Auto(L5),9,13,10,10.7,17.2,12.8925,E
S.U.V. - 2WD,CHRYSLER,ASPEN 2WD,8,Auto(L5),14,20,16,17,27.1,20.4256,R
S.U.V. - 2WD,CHRYSLER,PT CRUISER,4,Manual(M5),21,26,23,26.5,36.6858,30.2837,R
S.U.V. - 2WD,CHRYSLER,PT CRUISER,4,Auto(L4),18,24,21,23,34.1,26.9473,R
S.U.V. - 2WD,CHRYSLER,PT CRUISER,4,Auto(L4),19,24,21,23.7,34.1,27.4701,R
S.U.V. - 2WD,DODGE,DURANGO 2WD,6,Auto(L4),14,20,16,17.7,27.8,21.1593,R
S.U.V. - 2WD,DODGE,DURANGO 2WD,8,Auto(L5),9,13,10,10.7,17.2,12.8925,E
S.U.V. - 2WD,DODGE,DURANGO 2WD,8,Auto(L5),14,19,15,16.7,25.6,19.7972,R
S.U.V. - 2WD,DODGE,DURANGO 2WD,8,Auto(L5),14,20,16,17,27.1,20.4256,R
S.U.V. - 2WD,DODGE,JOURNEY 2WD,4,Auto(L4),19,25,21,23.8,35,27.8037,R
S.U.V. - 2WD,DODGE,JOURNEY 2WD,6,Auto(L6),16,23,18,19.3,32.2,23.5446,R
S.U.V. - 2WD,DODGE,NITRO 2WD,6,Auto(L4),16,22,18,19.8,30.5,23.5118,R
S.U.V. - 2WD,DODGE,NITRO 2WD,6,Auto(L5),16,21,18,19.6,29.4,23.0588,R
S.U.V. - 2WD,FORD,EDGE FWD,6,Auto(L6),17,24,19,20.7,33.1,24.8972,R
S.U.V. - 2WD,FORD,ESCAPE FWD,4,Manual(M5),22,28,24,28.3,38.6,32.1619,R
S.U.V. - 2WD,FORD,ESCAPE FWD,4,Auto(L6),20,28,23,25.9,38.6,30.4011,R
S.U.V. - 2WD,FORD,ESCAPE FWD,6,Auto(L6),18,26,21,22.8,35.9,27.2795,R
S.U.V. - 2WD,FORD,ESCAPE HYBRID FWD,4,Auto(AV),34,31,32,45.2,43.1,44.2302,R
S.U.V. - 2WD,FORD,EXPEDITION 2WD FFV,8,Auto(L6),10,14,11,11.9,19.3,14.3813,E
S.U.V. - 2WD,FORD,EXPEDITION 2WD FFV,8,Auto(L6),14,20,16,17.0994,27,20.4786,R
S.U.V. - 2WD,FORD,EXPLORER 2WD,6,Auto(L5),14,20,16,17.3,27.8,20.8425,R
S.U.V. - 2WD,FORD,EXPLORER 2WD,8,Auto(L6),15,21,17,17.9705,28.7372,21.6146,R
S.U.V. - 2WD,FORD,FLEX FWD,6,Auto(L6),17,24,19,20.7,33.1,24.8972,R
S.U.V. - 2WD,FORD,TAURUS X FWD,6,Auto(L6),17,24,19,20.7,33.1,24.8972,R
S.U.V. - 2WD,GMC,ACADIA FWD,6,Auto(L6),17,24,19,20.6,33,24.7921,R
S.U.V. - 2WD,GMC,C1500 YUKON 2WD,8,Auto(L4),14,19,16,17.4165,26.0975,20.4824,R
S.U.V. - 2WD,GMC,C1500 YUKON 2WD,8,Auto(L6),10,15,12,12.6,20.5,15.2434,E
S.U.V. - 2WD,GMC,C1500 YUKON 2WD,8,Auto(L6),14,20,16,16.9,27.3,20.3966,R
S.U.V. - 2WD,GMC,C1500 YUKON 2WD,8,Auto(L6),14,20,16,16.8,27.1,20.2662,R
S.U.V. - 2WD,GMC,C1500 YUKON 2WD,8,Auto(L6),10,14,11,11.7,19.5,14.2683,E
S.U.V. - 2WD,GMC,C1500 YUKON 2WD,8,Auto(L6),12,19,15,15,26.6,18.6623,R
S.U.V. - 2WD,GMC,C1500 YUKON HYBRID 2WD,8,Auto(AV),21,22,21,26.8,30.1459,28.2089,R
S.U.V. - 2WD,GMC,C1500 YUKON XFE 2WD,8,Auto(L6),11,16,13,13.7,22.8999,16.7233,E
S.U.V. - 2WD,GMC,C1500 YUKON XFE 2WD,8,Auto(L6),15,21,17,18.3,29.6999,22.1209,R
S.U.V. - 2WD,GMC,C1500 YUKON XL 2WD,8,Auto(L6),10,15,12,12.6,20.5,15.2434,E
S.U.V. - 2WD,GMC,C1500 YUKON XL 2WD,8,Auto(L6),14,20,16,16.9,27.3,20.3966,R
S.U.V. - 2WD,GMC,C1500 YUKON XL 2WD,8,Auto(L6),14,20,16,16.8,27.1,20.2662,R
S.U.V. - 2WD,GMC,C1500 YUKON XL 2WD,8,Auto(L6),14,19,16,16.8,27.3455,20.3276,R
S.U.V. - 2WD,GMC,C1500 YUKON XL 2WD,8,Auto(L6),10,14,11,11.7,19.5,14.2683,E
S.U.V. - 2WD,GMC,C1500 YUKON XL 2WD,8,Auto(L6),12,19,15,15,26.6,18.6623,R
S.U.V. - 2WD,GMC,ENVOY 2WD,6,Auto(L4),14,20,16,17.6,28,21.1321,R
S.U.V. - 2WD,GMC,ENVOY 2WD,8,Auto(L4),15,21,17,18.4,29.3,22.0996,R
S.U.V. - 2WD,HONDA,CR-V 2WD,4,Auto(L5),20,27,23,25.3,37.8,29.7231,R
S.U.V. - 2WD,HONDA,ELEMENT 2WD,4,Manual(M5),18,23,20,23.2,31.9,26.4456,R
S.U.V. - 2WD,HONDA,ELEMENT 2WD,4,Auto(L5),20,25,22,24.8,34.3,28.3311,R
S.U.V. - 2WD,HONDA,PILOT 2WD,6,Auto(L5),17,23,19,20.6404,31.9969,24.5636,R
S.U.V. - 2WD,HYUNDAI,SANTA FE 2WD,6,Manual(M5),17,24,20,21.6,33.4,25.6832,R
S.U.V. - 2WD,HYUNDAI,SANTA FE 2WD,6,Auto(L4),18,24,20,23,33.2,26.69,R
S.U.V. - 2WD,HYUNDAI,SANTA FE 2WD,6,Auto(L5),17,24,20,21.5,33.1,25.5255,R
S.U.V. - 2WD,HYUNDAI,TUCSON 2WD,4,Manual(M5),20,26,22,25,36.2483,29.0576,R
S.U.V. - 2WD,HYUNDAI,TUCSON 2WD,4,Auto(L4),20,25,22,25.5,34.5,28.8916,R
S.U.V. - 2WD,HYUNDAI,TUCSON 2WD,6,Auto(L4),18,24,20,23.2,32.8,26.7191,R
S.U.V. - 2WD,HYUNDAI,VERACRUZ 2WD,6,Auto(L6),16,23,18,19.5,31.7,23.5845,R
S.U.V. - 2WD,INFINITI,FX35 RWD,6,Auto(S7),16,23,19,20.097,31.3751,23.9752,P
S.U.V. - 2WD,INFINITI,QX56 2WD,8,Auto(L5),12,18,14,15.2,24.2,18.2551,P
S.U.V. - 2WD,JEEP,COMMANDER 2WD,6,Auto(L5),15,20,16,18,27.2,21.2316,R
S.U.V. - 2WD,JEEP,COMMANDER 2WD,8,Auto(L5),14,19,15,16.7,25.6,19.7972,R
S.U.V. - 2WD,JEEP,COMMANDER 2WD,8,Auto(L5),9,13,10,10.6,17.7,12.9349,E
S.U.V. - 2WD,JEEP,COMMANDER 2WD,8,Auto(L5),14,19,15,16.7,25.6,19.7972,R
S.U.V. - 2WD,JEEP,COMMANDER 2WD,8,Auto(L5),14,20,16,17,27.1,20.4256,R
S.U.V. - 2WD,JEEP,COMPASS 2WD,4,Auto(AV),23,27,24,28.8945,38,32.3867,R
S.U.V. - 2WD,JEEP,COMPASS 2WD,4,Manual(M5),23,28,25,29.3,39.2,33.0568,R
S.U.V. - 2WD,JEEP,COMPASS 2WD,4,Auto(AV),21,25,23,27,34.7,29.9952,R
S.U.V. - 2WD,JEEP,GRAND CHEROKEE 2WD,6,Auto(L5),16,21,18,19.3,28.8,22.6642,R
S.U.V. - 2WD,JEEP,GRAND CHEROKEE 2WD,8,Auto(L5),14,19,15,16.7,25.6,19.7972,R
S.U.V. - 2WD,JEEP,GRAND CHEROKEE 2WD,8,Auto(L5),9,13,10,10.6,17.7,12.9349,E
S.U.V. - 2WD,JEEP,GRAND CHEROKEE 2WD,8,Auto(L5),14,19,15,16.7,25.6,19.7972,R
S.U.V. - 2WD,JEEP,GRAND CHEROKEE 2WD,8,Auto(L5),14,20,16,17,27.1,20.4256,R
S.U.V. - 2WD,JEEP,LIBERTY 2WD,6,Auto(L4),16,22,18,19.8,30.5,23.5118,R
S.U.V. - 2WD,JEEP,PATRIOT 2WD,4,Auto(AV),23,27,24,28.8945,38,32.3867,R
S.U.V. - 2WD,JEEP,PATRIOT 2WD,4,Manual(M5),23,28,25,29.3,39.2,33.0568,R
S.U.V. - 2WD,JEEP,PATRIOT 2WD,4,Auto(AV),21,25,23,27,34.7,29.9952,R
S.U.V. - 2WD,JEEP,WRANGLER 2WD,6,Auto(L4),15,20,17,18.5,28.2,21.888,R
S.U.V. - 2WD,KIA,BORREGO 2WD,6,Auto(L5),17,21,18,20.6,29.5,23.836,R
S.U.V. - 2WD,KIA,BORREGO 2WD,8,Auto(L6),15,22,18,19,29.9,22.7285,R
S.U.V. - 2WD,KIA,SORENTO 2WD,6,Auto(L5),16,22,18,19.5,30.2,23.1987,R
S.U.V. - 2WD,KIA,SORENTO 2WD,6,Auto(L5),15,21,17,18.7,28.9,22.2308,R
S.U.V. - 2WD,KIA,SPORTAGE 2WD,4,Manual(M5),20,25,22,25.3,35.3,28.9964,R
S.U.V. - 2WD,KIA,SPORTAGE 2WD,4,Auto(L4),20,25,22,25.5,34.5,28.8916,R
S.U.V. - 2WD,KIA,SPORTAGE 2WD,6,Auto(L4),18,23,20,23.1,32.7,26.6163,R
S.U.V. - 2WD,LEXUS,RX 350 2WD,6,Auto(S5),18,23,20,22.2,31.9,25.7193,P
S.U.V. - 2WD,LEXUS,RX 350 2WD,6,Auto(L5),18,23,20,22.2,31.9,25.7193,P
S.U.V. - 2WD,LINCOLN,MKX FWD,6,Auto(L6),17,24,19,20.7,33.1,24.8972,R
S.U.V. - 2WD,LINCOLN,NAVIGATOR 2WD FFV,8,Auto(L6),10,14,11,11.9,19.3,14.3813,E
S.U.V. - 2WD,LINCOLN,NAVIGATOR 2WD FFV,8,Auto(L6),14,20,16,17.0994,27,20.4786,R
S.U.V. - 2WD,MAZDA,CX-7 2WD,4,Auto(S6),17,23,20,21.9,31.7,25.439,P
S.U.V. - 2WD,MAZDA,CX-9 2WD,6,Auto(S6),16,22,18,19.5,30.5,23.2779,R
S.U.V. - 2WD,MAZDA,TRIBUTE FWD,4,Manual(M5),22,28,24,28.3,38.6,32.1619,R
S.U.V. - 2WD,MAZDA,TRIBUTE FWD,4,Auto(L6),20,28,23,25.9,38.6,30.4011,R
S.U.V. - 2WD,MAZDA,TRIBUTE FWD,6,Auto(L6),18,26,21,22.8,35.9,27.2795,R
S.U.V. - 2WD,MAZDA,TRIBUTE HYBRID 2WD,4,Auto(AV),34,31,32,45.2,43.1,44.2302,R
S.U.V. - 2WD,MERCURY,MARINER FWD,4,Auto(L6),20,28,23,25.9,38.6,30.4011,R
S.U.V. - 2WD,MERCURY,MARINER FWD,6,Auto(L6),18,26,21,22.8,35.9,27.2795,R
S.U.V. - 2WD,MERCURY,MARINER HYBRID FWD,4,Auto(AV),34,31,32,45.2,43.1,44.2302,R
S.U.V. - 2WD,MERCURY,MOUNTAINEER 2WD,6,Auto(L5),14,20,16,17.3,27.8,20.8425,R
S.U.V. - 2WD,MERCURY,MOUNTAINEER 2WD,8,Auto(L6),15,21,17,17.9705,28.7372,21.6146,R
S.U.V. - 2WD,MITSUBISHI,ENDEAVOR 2WD,6,Auto(S4),15,21,18,19.1021,29.8084,22.7848,P
S.U.V. - 2WD,MITSUBISHI,OUTLANDER 2WD,4,Auto(AV),20,25,22,24.8,35.3,28.6325,R
S.U.V. - 2WD,MITSUBISHI,OUTLANDER 2WD,6,Auto(S6),17,24,20,21.8824,33.8072,26.0111,R
S.U.V. - 2WD,NISSAN,ARMADA 2WD,8,Auto(L5),9,13,11,11.2745,18.3306,13.6367,E
S.U.V. - 2WD,NISSAN,ARMADA 2WD,8,Auto(L5),12,18,14,15.2224,25.0331,18.4818,R
S.U.V. - 2WD,NISSAN,ARMADA 2WD,8,Auto(L5),12,18,14,15.2199,25.0138,18.4751,R
S.U.V. - 2WD,NISSAN,MURANO FWD,6,Auto(AV),18,23,20,22.7,32.6,26.2931,P
S.U.V. - 2WD,NISSAN,PATHFINDER 2WD,6,Auto(L5),15,22,17,18.531,30.2537,22.4447,P
S.U.V. - 2WD,NISSAN,PATHFINDER 2WD,8,Auto(S5),13,19,15,16,25.6984,19.2731,P
S.U.V. - 2WD,NISSAN,ROGUE FWD,4,Auto(AV),22,27,24,28.6,38.4,32.3107,R
S.U.V. - 2WD,NISSAN,XTERRA 2WD,6,Manual(M6),16,20,18,19.6794,28.0981,22.7462,R
S.U.V. - 2WD,NISSAN,XTERRA 2WD,6,Auto(L5),15,21,17,18.6265,28.6533,22.1078,R
S.U.V. - 2WD,PONTIAC,TORRENT FWD,6,Auto(L5),17,24,20,21.2883,33.5926,25.4897,R
S.U.V. - 2WD,PONTIAC,TORRENT FWD,6,Auto(S6),17,24,19,20.8,32.9,24.9252,R
S.U.V. - 2WD,SATURN,OUTLOOK FWD,6,Auto(L6),17,24,19,20.6,33,24.7921,R
S.U.V. - 2WD,SATURN,VUE FWD,4,Auto(L4),19,26,22,23.9,37,28.4295,R
S.U.V. - 2WD,SATURN,VUE FWD,6,Auto(L6),17,24,19,20.7,33,24.8717,R
S.U.V. - 2WD,SATURN,VUE FWD,6,Auto(S6),17,24,19,20.8,32.9,24.9252,R
S.U.V. - 2WD,SATURN,VUE HYBRID,4,Auto(L4),25,32,28,31.8,45.3,36.725,R
S.U.V. - 2WD,SUZUKI,GRAND VITARA,4,Manual(M5),19,26,22,24.1,35.8,28.2554,R
S.U.V. - 2WD,SUZUKI,GRAND VITARA,4,Auto(L4),19,25,21,24.1,34.3,27.8233,R
S.U.V. - 2WD,SUZUKI,GRAND VITARA,6,Auto(L5),18,24,20,22,33.8,26.1004,R
S.U.V. - 2WD,SUZUKI,XL7 FWD,6,Auto(S6),17,24,19,20.8,32.9,24.9252,R
S.U.V. - 2WD,TOYOTA,4RUNNER 2WD,6,Auto(L5),16,21,18,20.4,28.6,23.4219,R
S.U.V. - 2WD,TOYOTA,4RUNNER 2WD,8,Auto(L5),15,19,17,18.9,26,21.5479,R
S.U.V. - 2WD,TOYOTA,FJ CRUISER 2WD,6,Auto(L5),17,21,18,20.7,29.2,23.8203,P
S.U.V. - 2WD,TOYOTA,HIGHLANDER 2WD,6,Auto(S5),18,24,20,22.1,33.1,25.9861,R
S.U.V. - 2WD,TOYOTA,RAV4 2WD,4,Auto(L4),22,28,24,27.3,39.7,31.7647,R
S.U.V. - 2WD,TOYOTA,RAV4 2WD,6,Auto(L5),19,27,22,24.3984,37.3499,28.9095,R
S.U.V. - 2WD,TOYOTA,SEQUOIA 2WD,8,Auto(S5),14,17,15,17.006,23.3118,19.3629,R
S.U.V. - 2WD,TOYOTA,SEQUOIA 2WD,8,Auto(S6),14,19,15,16.8132,25.7044,19.9127,R
S.U.V. - 2WD,TOYOTA,VENZA,6,Auto(S6),19,26,22,23.7,36.6,28.1676,R
S.U.V. - 2WD,VOLKSWAGEN,TIGUAN,4,Manual(M6),19,26,21,23.3,36.2,27.75,P
S.U.V. - 2WD,VOLKSWAGEN,TIGUAN,4,Auto(S6),18,24,21,22.9,34.1,26.8716,P
S.U.V. - 2WD,VOLVO,XC 90 FWD,6,Auto(S6),14,20,17,17.7813,28.002,21.2758,R
S.U.V. - 4WD,ACURA,MDX 4WD,6,Auto(S5),15,20,17,18.9,27.7,22.0527,P
S.U.V. - 4WD,ACURA,RDX 4WD,4,Auto(S5),17,22,19,20.9,29.9,24.1745,P
S.U.V. - 4WD,AUDI,Q7,6,Auto(S6),14,20,16,17.555,27.0051,20.8361,P
S.U.V. - 4WD,AUDI,Q7,8,Auto(S6),13,18,15,16.2,24.6,19.1412,P
S.U.V. - 4WD,BMW,X3 XDRIVE30I,6,Manual(M6),16,23,19,20.0865,32.6973,24.3048,P
S.U.V. - 4WD,BMW,X3 XDRIVE30I,6,Auto(S6),17,24,20,21.4909,33.3632,25.5885,P
S.U.V. - 4WD,BMW,X5 XDRIVE30I,6,Auto(S6),15,21,18,19.2,29.6,22.8058,P
S.U.V. - 4WD,BMW,X5 XDRIVE48I,8,Auto(S6),14,19,16,16.7247,26.6982,20.1044,P
S.U.V. - 4WD,BUICK,ENCLAVE AWD,6,Auto(L6),16,22,18,19.5,30.9,23.3818,R
S.U.V. - 4WD,CADILLAC,ESCALADE AWD,8,Auto(L6),9,14,11,11.5,18.8,13.9349,E
S.U.V. - 4WD,CADILLAC,ESCALADE AWD,8,Auto(L6),12,19,14,14.8,25.6,18.2681,R
S.U.V. - 4WD,CADILLAC,SRX AWD,6,Auto(S5),14,22,17,17.6,30,21.6216,R
S.U.V. - 4WD,CADILLAC,SRX AWD,8,Auto(S6),13,20,15,15.9,27.3,19.5792,P
S.U.V. - 4WD,CHEVROLET,EQUINOX AWD,6,Auto(L5),17,24,20,21.5,33.4,25.6053,R
S.U.V. - 4WD,CHEVROLET,EQUINOX AWD,6,Auto(S6),16,24,19,20.1,33.5,24.5122,R
S.U.V. - 4WD,CHEVROLET,K1500 TAHOE 4WD,8,Auto(L6),10,15,12,12.6,20.5,15.2434,E
S.U.V. - 4WD,CHEVROLET,K1500 TAHOE 4WD,8,Auto(L6),14,20,16,16.9,27.3,20.3966,R
S.U.V. - 4WD,CHEVROLET,K1500 TAHOE 4WD,8,Auto(L6),9,14,11,11.5,18.8,13.9349,E
S.U.V. - 4WD,CHEVROLET,K1500 TAHOE 4WD,8,Auto(L6),12,19,14,14.8,25.6,18.2681,R
S.U.V. - 4WD,CHEVROLET,K1500 TAHOE HYBRID 4WD,8,Auto(AV),20,20,20,26.8,30.1459,28.2089,R
S.U.V. - 4WD,CHEVROLET,TRAILBLAZER 4WD,6,Auto(L4),14,20,16,17.2,27.4,20.6611,R
S.U.V. - 4WD,CHEVROLET,TRAILBLAZER 4WD,8,Auto(L4),14,20,16,17.6,27.9,21.1064,R
S.U.V. - 4WD,CHEVROLET,TRAILBLAZER AWD,8,Auto(L4),12,16,13,14.4,21.4,16.8855,R
S.U.V. - 4WD,CHEVROLET,TRAVERSE AWD,6,Auto(L6),16,23,19,20,31.6,23.9575,R
S.U.V. - 4WD,CHRYSLER,ASPEN 4WD,8,Auto(L5),13,18,15,16,24.6,18.987,R
S.U.V. - 4WD,CHRYSLER,ASPEN 4WD,8,Auto(L5),9,12,10,11,16.5,12.9412,E
S.U.V. - 4WD,CHRYSLER,ASPEN 4WD,8,Auto(L5),13,19,15,16.6,26,19.8254,R
S.U.V. - 4WD,DODGE,DURANGO 4WD,8,Auto(L5),13,18,15,16,24.6,18.987,R
S.U.V. - 4WD,DODGE,DURANGO 4WD,8,Auto(L5),9,12,10,11,16.5,12.9412,E
S.U.V. - 4WD,DODGE,DURANGO 4WD,8,Auto(L5),13,19,15,16.6,26,19.8254,R
S.U.V. - 4WD,DODGE,JOURNEY 4WD,6,Auto(L6),15,22,17,18.4,29.9,22.2512,R
S.U.V. - 4WD,DODGE,NITRO 4WD,6,Auto(L4),15,21,17,18.7,28.5,22.1233,R
S.U.V. - 4WD,DODGE,NITRO 4WD,6,Auto(L5),16,20,17,19.3,28.4,22.5517,R
S.U.V. - 4WD,FORD,EDGE AWD,6,Auto(L6),15,22,18,19.2,30.5,23.0415,R
S.U.V. - 4WD,FORD,ESCAPE 4WD,4,Auto(L6),19,25,21,23.9545,34.7998,27.8619,R
S.U.V. - 4WD,FORD,ESCAPE 4WD,6,Auto(L6),17,24,20,21.6255,33.2006,25.6496,R
S.U.V. - 4WD,FORD,ESCAPE HYBRID 4WD,4,Auto(AV),29,27,28,37.4,37.2,37.3097,R
S.U.V. - 4WD,FORD,EXPLORER 4WD,6,Auto(L5),13,19,15,16.4469,25.7624,19.6432,R
S.U.V. - 4WD,FORD,EXPLORER 4WD,8,Auto(L6),14,19,16,16.8379,26.6162,20.1729,R
S.U.V. - 4WD,FORD,FLEX AWD,6,Auto(L6),16,22,18,19.2891,30.0878,23.0045,R
S.U.V. - 4WD,FORD,TAURUS X AWD,6,Auto(L6),15,22,18,19.2,30.5,23.0415,R
S.U.V. - 4WD,GMC,ACADIA AWD,6,Auto(L6),16,23,19,20,31.6,23.9575,R
S.U.V. - 4WD,GMC,ENVOY 4WD,6,Auto(L4),14,20,16,17.2,27.4,20.6611,R
S.U.V. - 4WD,GMC,ENVOY 4WD,8,Auto(L4),14,20,16,17.6,27.9,21.1064,R
S.U.V. - 4WD,GMC,K1500 YUKON 4WD,8,Auto(L6),10,15,12,12.6,20.5,15.2434,E
S.U.V. - 4WD,GMC,K1500 YUKON 4WD,8,Auto(L6),14,20,16,16.9,27.3,20.3966,R
S.U.V. - 4WD,GMC,K1500 YUKON 4WD,8,Auto(L6),9,14,11,11.5,18.8,13.9349,E
S.U.V. - 4WD,GMC,K1500 YUKON 4WD,8,Auto(L6),12,19,14,14.8,25.6,18.2681,R
S.U.V. - 4WD,GMC,K1500 YUKON DENALI AWD,8,Auto(L6),9,14,11,11.5,18.8,13.9349,E
S.U.V. - 4WD,GMC,K1500 YUKON DENALI AWD,8,Auto(L6),12,19,14,14.8,25.6,18.2681,R
S.U.V. - 4WD,GMC,K1500 YUKON HYBRID 4WD,8,Auto(AV),20,20,20,26.8,30.1459,28.2089,R
S.U.V. - 4WD,HONDA,CR-V 4WD,4,Auto(L5),20,26,22,24.8621,35.6263,28.7744,R
S.U.V. - 4WD,HONDA,ELEMENT 4WD,4,Manual(M5),18,23,20,23.2,31.3,26.2578,R
S.U.V. - 4WD,HONDA,ELEMENT 4WD,4,Auto(L5),19,24,21,23.8,33.5,27.3657,R
S.U.V. - 4WD,HONDA,PILOT 4WD,6,Auto(L5),16,22,18,20,30.5,23.6663,R
S.U.V. - 4WD,HUMMER,H3 4WD,5,Manual(M5),14,18,16,17.4,25.4,20.2734,R
S.U.V. - 4WD,HUMMER,H3 4WD,5,Auto(L4),14,18,16,17.8,25.1,20.4804,R
S.U.V. - 4WD,HUMMER,H3 4WD,8,Auto(L4),13,16,14,16,21.9,18.2073,R
S.U.V. - 4WD,HYUNDAI,SANTA FE 4WD,6,Manual(M5),17,23,19,21.6,31.8,25.2437,R
S.U.V. - 4WD,HYUNDAI,SANTA FE 4WD,6,Auto(L4),17,23,19,21.3,31.4,24.9049,R
S.U.V. - 4WD,HYUNDAI,SANTA FE 4WD,6,Auto(L5),17,24,19,20.7,32.9,24.846,R
S.U.V. - 4WD,HYUNDAI,TUCSON 4WD,4,Manual(M5),19,24,21,24.3,33.3,27.6646,R
S.U.V. - 4WD,HYUNDAI,TUCSON 4WD,6,Auto(L4),18,23,20,22.5,31.6,25.8498,R
S.U.V. - 4WD,HYUNDAI,VERACRUZ 4WD,6,Auto(L6),15,22,18,18.8,30.6,22.7473,R
S.U.V. - 4WD,INFINITI,FX35 AWD,6,Auto(S7),16,21,18,19.538,29.698,23.0932,P
S.U.V. - 4WD,INFINITI,FX50 AWD,8,Auto(S7),14,20,16,17.6486,27.0677,20.9253,P
S.U.V. - 4WD,INFINITI,QX56 4WD,8,Auto(L5),12,17,14,15.1,23.6,18.0207,P
S.U.V. - 4WD,ISUZU,ASCENDER 5-PASSENGER 4WD,6,Auto(L4),14,20,16,17.2,27.4,20.6611,R
S.U.V. - 4WD,JEEP,COMMANDER 4WD,6,Auto(L5),14,19,16,17.4,26.6,20.6073,R
S.U.V. - 4WD,JEEP,COMMANDER 4WD,8,Auto(L5),13,18,15,15.8,24.7,18.8577,R
S.U.V. - 4WD,JEEP,COMMANDER 4WD,8,Auto(L5),9,12,10,11,16.5,12.9412,E
S.U.V. - 4WD,JEEP,COMMANDER 4WD,8,Auto(L5),13,18,15,15.8,24.7,18.8577,R
S.U.V. - 4WD,JEEP,COMMANDER 4WD,8,Auto(L5),13,19,15,16.6,26,19.8254,R
S.U.V. - 4WD,JEEP,COMPASS 4WD,4,Manual(M5),23,28,25,28.8,38.6,32.5148,R
S.U.V. - 4WD,JEEP,COMPASS 4WD,4,Auto(AV),21,24,22,26.3,33.6,29.1499,R
S.U.V. - 4WD,JEEP,GRAND CHEROKEE 4WD,6,Auto(L5),15,20,17,18.5,27.5,21.6951,R
S.U.V. - 4WD,JEEP,GRAND CHEROKEE 4WD,8,Auto(L5),14,19,15,16.7,25.6,19.7972,R
S.U.V. - 4WD,JEEP,GRAND CHEROKEE 4WD,8,Auto(L5),9,13,10,10.7,17.2,12.8925,E
S.U.V. - 4WD,JEEP,GRAND CHEROKEE 4WD,8,Auto(L5),14,19,15,16.7,25.6,19.7972,R
S.U.V. - 4WD,JEEP,GRAND CHEROKEE 4WD,8,Auto(L5),13,19,15,16.6,26,19.8254,R
S.U.V. - 4WD,JEEP,GRAND CHEROKEE 4WD,8,Auto(L5),11,14,12,13.7,19.4,15.7873,P
S.U.V. - 4WD,JEEP,LIBERTY 4WD,6,Auto(L4),15,21,17,18.7,28.5,22.1233,R
S.U.V. - 4WD,JEEP,PATRIOT 4WD,4,Manual(M5),23,28,25,28.8,38.6,32.5148,R
S.U.V. - 4WD,JEEP,PATRIOT 4WD,4,Auto(AV),20,22,21,26.3,33.6,29.1499,R
S.U.V. - 4WD,JEEP,PATRIOT 4WD,4,Auto(AV),21,24,22,26.3,33.6,29.1499,R
S.U.V. - 4WD,JEEP,WRANGLER 4WD,6,Manual(M6),15,19,16,18.6,25.7,21.2406,R
S.U.V. - 4WD,JEEP,WRANGLER 4WD,6,Auto(L4),15,19,17,18.3513,26.5966,21.3265,R
S.U.V. - 4WD,KIA,BORREGO 4WD,6,Auto(L5),16,21,18,20.1,29.2986,23.407,R
S.U.V. - 4WD,KIA,BORREGO 4WD,8,Auto(L6),15,20,17,18.1,28.4,21.6301,R
S.U.V. - 4WD,KIA,SORENTO 4WD,6,Auto(L5),15,22,17,18.7,30,22.5166,R
S.U.V. - 4WD,KIA,SORENTO 4WD,6,Auto(L5),15,20,17,18.7,28.2,22.0414,R
S.U.V. - 4WD,KIA,SPORTAGE 4WD,4,Manual(M5),19,24,21,24.2,33.4,27.6241,R
S.U.V. - 4WD,KIA,SPORTAGE 4WD,6,Auto(L4),18,23,20,22.4,31.3,25.6868,R
S.U.V. - 4WD,LAND ROVER,LR2,6,Auto(S6),15,22,17,18.6,30.3,22.5117,R
S.U.V. - 4WD,LAND ROVER,LR3,8,Auto(S6),12,17,14,15.2,24,18.2036,P
S.U.V. - 4WD,LAND ROVER,RANGE ROVER,8,Auto(S6),12,18,14,14.8,24.3,17.9596,P
S.U.V. - 4WD,LAND ROVER,RANGE ROVER,8,Auto(S6),12,18,14,15.1,24.8,18.3254,P
S.U.V. - 4WD,LAND ROVER,RANGE ROVER SPORT,8,Auto(S6),12,18,14,14.8,24.2,17.9349,P
S.U.V. - 4WD,LAND ROVER,RANGE ROVER SPORT,8,Auto(S6),12,18,15,15.3,25.2,18.5857,P
S.U.V. - 4WD,LEXUS,GX 470,8,Auto(L5),14,18,15,17,24.2,19.6279,P
S.U.V. - 4WD,LEXUS,LX 570,8,Auto(S6),12,18,14,15.3,24.1491,18.3211,P
S.U.V. - 4WD,LEXUS,RX 350 4WD,6,Auto(S5),17,22,19,21.1,30.9,24.6127,P
S.U.V. - 4WD,LEXUS,RX 350 4WD,6,Auto(L5),17,22,19,21.1,30.9,24.6127,P
S.U.V. - 4WD,LINCOLN,MKX AWD,6,Auto(L6),15,22,18,19.2,30.5,23.0415,R
S.U.V. - 4WD,MAZDA,CX-7 4WD,4,Auto(S6),16,22,18,20.5,30.3,23.9919,P
S.U.V. - 4WD,MAZDA,CX-9 4WD,6,Auto(S6),15,21,17,18.7,28.7,22.1773,R
S.U.V. - 4WD,MAZDA,TRIBUTE 4WD,4,Auto(L6),19,25,21,23.9545,34.7998,27.8619,R
S.U.V. - 4WD,MAZDA,TRIBUTE 4WD,6,Auto(L6),17,24,20,21.6255,33.2006,25.6496,R
S.U.V. - 4WD,MAZDA,TRIBUTE HYBRID 4WD,4,Auto(AV),29,27,28,37.4,37.2,37.3097,R
S.U.V. - 4WD,MERCEDES-BENZ,G55 AMG,8,Auto(L5),11,15,12,13.2,20.7,15.7714,P
S.U.V. - 4WD,MERCEDES-BENZ,GL320 BLUETEC,6,Auto(L7),17,23,19,21.1,31.5,24.7819,D
S.U.V. - 4WD,MERCEDES-BENZ,GL450 4MATIC,8,Auto(L7),13,18,15,16.1,24.4,19.0099,P
S.U.V. - 4WD,MERCEDES-BENZ,GL550 4MATIC,8,Auto(L7),13,17,14,15.7,23.7,18.5119,P
S.U.V. - 4WD,MERCEDES-BENZ,ML320 BLUETEC,6,Auto(L7),18,24,20,22.2,33.7,26.2275,D
S.U.V. - 4WD,MERCEDES-BENZ,ML350 4MATIC,6,Auto(L7),15,20,17,18.4,27,21.4786,P
S.U.V. - 4WD,MERCEDES-BENZ,ML550 4MATIC,8,Auto(L7),13,18,15,16.3,24.6,19.2178,P
S.U.V. - 4WD,MERCEDES-BENZ,ML63 AMG,8,Auto(S7),11,15,12,12.8,19.7,15.1949,P
S.U.V. - 4WD,MERCEDES-BENZ,R320 BLUETEC,6,Auto(L7),18,24,20,22.5,33.3,26.3449,D
S.U.V. - 4WD,MERCEDES-BENZ,R350 4MATIC,6,Auto(L7),15,19,16,18.2,26.8,21.2717,P
S.U.V. - 4WD,MERCURY,MARINER 4WD,4,Auto(L6),19,25,21,23.9545,34.7998,27.8619,R
S.U.V. - 4WD,MERCURY,MARINER 4WD,6,Auto(L6),17,24,20,21.6255,33.2006,25.6496,R
S.U.V. - 4WD,MERCURY,MARINER HYBRID 4WD,4,Auto(AV),29,27,28,37.4,37.2,37.3097,R
S.U.V. - 4WD,MERCURY,MOUNTAINEER 4WD,6,Auto(L5),13,19,15,16.4469,25.7624,19.6432,R
S.U.V. - 4WD,MERCURY,MOUNTAINEER 4WD,8,Auto(L6),14,19,16,16.8379,26.6162,20.1729,R
S.U.V. - 4WD,MITSUBISHI,ENDEAVOR AWD,6,Auto(S4),15,19,17,18.4,26.9,21.4501,P
S.U.V. - 4WD,MITSUBISHI,OUTLANDER 4WD,4,Auto(AV),20,25,22,24.7,34.8,28.4105,R
S.U.V. - 4WD,MITSUBISHI,OUTLANDER 4WD,6,Auto(S6),17,23,19,21.148,32.2229,25.0172,R
S.U.V. - 4WD,NISSAN,ARMADA 4WD,8,Auto(L5),9,13,10,11.0168,18.1997,13.396,E
S.U.V. - 4WD,NISSAN,ARMADA 4WD,8,Auto(L5),12,18,14,15.2748,24.9172,18.4956,R
S.U.V. - 4WD,NISSAN,ARMADA 4WD,8,Auto(L5),12,18,14,15.0931,24.2308,18.178,R
S.U.V. - 4WD,NISSAN,MURANO AWD,6,Auto(AV),18,23,20,22.1834,31.6296,25.6276,P
S.U.V. - 4WD,NISSAN,PATHFINDER 4WD,6,Auto(L5),14,20,16,17.6431,27.3268,20.9903,P
S.U.V. - 4WD,NISSAN,PATHFINDER 4WD,8,Auto(S5),13,18,14,15.5498,24.2996,18.5566,P
S.U.V. - 4WD,NISSAN,ROGUE AWD,4,Auto(AV),21,26,23,27.1863,36.003,30.5533,R
S.U.V. - 4WD,NISSAN,XTERRA 4WD,6,Manual(M6),16,20,17,19.2998,27.1895,22.1984,R
S.U.V. - 4WD,NISSAN,XTERRA 4WD,6,Auto(L5),15,20,17,18.1798,27.5791,21.4731,R
S.U.V. - 4WD,PONTIAC,TORRENT AWD,6,Auto(L5),17,24,20,21.5,33.4,25.6053,R
S.U.V. - 4WD,PONTIAC,TORRENT AWD,6,Auto(S6),16,24,19,20.1,33.5,24.5122,R
S.U.V. - 4WD,PORSCHE,CAYENNE,6,Manual(M6),14,20,16,17,28.1,20.6752,P
S.U.V. - 4WD,PORSCHE,CAYENNE,6,Auto(L6),14,20,16,17.9,27.6,21.2628,P
S.U.V. - 4WD,PORSCHE,CAYENNE GTS,8,Manual(M6),11,17,13,13.5,23.6,16.72,P
S.U.V. - 4WD,PORSCHE,CAYENNE GTS,8,Auto(L6),13,18,15,16.1,25.5,19.3018,P
S.U.V. - 4WD,PORSCHE,CAYENNE S,8,Auto(L6),13,19,15,16,26.4,19.4475,P
S.U.V. - 4WD,PORSCHE,CAYENNE TURBO,8,Auto(L6),12,19,14,14.5,25.8,18.0594,P
S.U.V. - 4WD,PORSCHE,CAYENNE TURBO S,8,Auto(L6),12,19,14,14.5,25.8,18.0594,P
S.U.V. - 4WD,SAAB,9-7X AWD,6,Auto(L4),14,20,16,17.2,27.4,20.6611,R
S.U.V. - 4WD,SAAB,9-7X AWD,8,Auto(L4),14,20,16,17.6,27.9,21.1064,R
S.U.V. - 4WD,SAAB,9-7X AWD,8,Auto(L4),12,16,13,14.4,21.4,16.8855,R
S.U.V. - 4WD,SATURN,OUTLOOK AWD,6,Auto(L6),16,23,19,20,31.6,23.9575,R
S.U.V. - 4WD,SATURN,VUE AWD,6,Auto(L6),16,23,18,19.7,31.7,23.7449,R
S.U.V. - 4WD,SATURN,VUE AWD,6,Auto(L6),16,23,18,19.9,31.4,23.8269,R
S.U.V. - 4WD,SATURN,VUE AWD,6,Auto(S6),16,23,18,19.3,31.9,23.472,R
S.U.V. - 4WD,SUBARU,FORESTER AWD,4,Auto(S4),19,24,21,23.9267,33.0743,27.3279,P
S.U.V. - 4WD,SUBARU,FORESTER AWD,4,Manual(M5),20,27,22,24.7947,37.0519,29.1313,R
S.U.V. - 4WD,SUBARU,FORESTER AWD,4,Auto(S4),20,26,22,25.0487,36.5784,29.1889,R
S.U.V. - 4WD,SUBARU,OUTBACK WAGON AWD,4,Manual(M5),18,24,20,22.3,33.5,26.2491,P
S.U.V. - 4WD,SUBARU,OUTBACK WAGON AWD,4,Auto(S5),18,24,20,22.1443,33.2396,26.0586,P
S.U.V. - 4WD,SUBARU,OUTBACK WAGON AWD,4,Manual(M5),20,27,22,24.7947,37.0519,29.1313,R
S.U.V. - 4WD,SUBARU,OUTBACK WAGON AWD,4,Auto(S4),20,26,22,25.0487,36.5784,29.1889,R
S.U.V. - 4WD,SUBARU,OUTBACK WAGON AWD,6,Auto(S5),17,24,20,21.6249,33.5704,25.7478,P
S.U.V. - 4WD,SUBARU,TRIBECA AWD,6,Auto(S5),16,21,18,19.8,29.4,23.2105,R
S.U.V. - 4WD,SUZUKI,GRAND VITARA 4WD,4,Manual(M5),19,25,21,23.3,34.3,27.2296,R
S.U.V. - 4WD,SUZUKI,GRAND VITARA 4WD,4,Auto(L4),19,23,20,23.4,32.3,26.7121,R
S.U.V. - 4WD,SUZUKI,GRAND VITARA 4WD,6,Auto(L5),17,23,19,20.9,32.3,24.8462,R
S.U.V. - 4WD,SUZUKI,XL7 AWD,6,Auto(S6),16,23,18,19.3,31.9,23.472,R
S.U.V. - 4WD,TOYOTA,4RUNNER 4WD,6,Auto(L5),16,20,17,19.5494,27.9321,22.6018,R
S.U.V. - 4WD,TOYOTA,4RUNNER 4WD,8,Auto(L5),14,17,15,17.4,24.1,19.8881,R
S.U.V. - 4WD,TOYOTA,FJ CRUISER 4WD,6,Manual(M6),14,19,16,17.8,25.7,20.6575,P
S.U.V. - 4WD,TOYOTA,FJ CRUISER 4WD,6,Auto(L5),16,20,17,19.5494,27.9321,22.6018,P
S.U.V. - 4WD,TOYOTA,HIGHLANDER 4WD,6,Auto(S5),17,23,19,21.2,31.3,24.8013,R
S.U.V. - 4WD,TOYOTA,HIGHLANDER HYBRID 4WD,6,Auto(AV),27,25,26,35.3499,34.9989,35.1911,R
S.U.V. - 4WD,TOYOTA,LAND CRUISER WAGON 4WD,8,Auto(S6),13,18,15,15.9,24.7491,18.9488,R
S.U.V. - 4WD,TOYOTA,RAV4 4WD,4,Auto(L4),21,27,24,26.7755,38.3517,30.984,R
S.U.V. - 4WD,TOYOTA,RAV4 4WD,6,Auto(L5),19,26,21,23.7,35.7494,27.9374,R
S.U.V. - 4WD,TOYOTA,SEQUOIA 4WD,8,Auto(S5),13,16,14,16.301,22.4675,18.598,R
S.U.V. - 4WD,TOYOTA,SEQUOIA 4WD,8,Auto(S6),9,12,10,10.9928,17.1595,13.1135,E
S.U.V. - 4WD,TOYOTA,SEQUOIA 4WD,8,Auto(S6),13,18,14,15.4378,24.2403,18.4533,R
S.U.V. - 4WD,TOYOTA,SEQUOIA 4WD,8,Auto(S6),13,18,15,15.9,24.5,18.8827,R
S.U.V. - 4WD,TOYOTA,VENZA AWD,6,Auto(S6),18,25,21,22.6,35,26.8865,R
S.U.V. - 4WD,VOLKSWAGEN,TIGUAN 4MOTION,4,Auto(S6),18,24,20,22.4494,33.3,26.3068,P
S.U.V. - 4WD,VOLKSWAGEN,TOUAREG,6,Auto(S6),14,20,16,17.555,27.0051,20.8361,P
S.U.V. - 4WD,VOLKSWAGEN,TOUAREG,8,Auto(S6),13,18,15,15.7,25.1,18.8821,P
S.U.V. - 4WD,VOLVO,XC 70 AWD,6,Auto(S6),15,22,18,18.8999,30.399,22.7771,R
S.U.V. - 4WD,VOLVO,XC 70 AWD,6,Auto(S6),15,23,18,19.1,31.4,23.1873,R
S.U.V. - 4WD,VOLVO,XC 90 AWD,6,Auto(S6),14,20,16,17.2814,27.3422,20.7107,R
S.U.V. - 4WD,VOLVO,XC 90 AWD,8,Auto(S6),13,19,15,16.0999,26.1999,19.479,R
S.U.V. - 4WD,VOLVO,XC60 AWD,6,Auto(S6),15,22,18,18.8999,30.399,22.7771,R
